Date,avr_d,tw_d,avr_t,tw_t
2016/4/11,-2.6328E-05,0.001707,-2.6328E-05,0.001707
2016/4/12,-0.001855549,-0.004381,-0.001881877,-0.002674
2016/4/13,0.000650824,0.013228,-0.001231053,0.010554
2016/4/14,0.002025266,0.002145,0.000794214,0.012699
2016/4/15,0.00017444,0.006938,0.000968653,0.019637
2016/4/18,-0.000223166,-0.002897,0.000745487,0.01674
2016/4/19,-5.43225E-05,-0.003819,0.000691165,0.012921
2016/4/20,-0.002611869,-0.012177,-0.001920705,0.000744
2016/4/21,0.001600584,0.003861,-0.00032012,0.004605
2016/4/22,-0.002061431,-0.003969,-0.002381551,0.000636
2016/4/25,-0.00045378,0.002186,-0.002835331,0.002822
2016/4/26,-9.103E-05,0.002358,-0.002926361,0.00518
2016/4/27,-0.000148565,-0.000735,-0.003074926,0.004445
2016/4/28,-0.001183766,-0.008099,-0.004258692,-0.003654
2016/4/29,-0.001660928,-0.009727,-0.005919621,-0.013381
2016/5/3,-0.000764479,-0.008738,-0.0066841,-0.022119
2016/5/4,-0.002045353,-0.014865,-0.008729453,-0.036984
2016/5/5,0.000713157,-0.003163,-0.008016296,-0.040147
2016/5/6,-0.000121033,-0.003716,-0.008137329,-0.043863
2016/5/9,-0.000314411,-0.001482,-0.008451739,-0.045345
2016/5/10,0.000143211,0.004212,-0.008308528,-0.041133
2016/5/11,-0.000378186,-0.003004,-0.008686714,-0.044137
2016/5/12,-0.001046844,-0.002743,-0.009733558,-0.04688
2016/5/13,-0.000651168,-0.00536,-0.010384726,-0.05224
2016/5/16,0.000192677,0.001392,-0.010192049,-0.050848
2016/5/17,0.000680026,0.007475,-0.009512023,-0.043373
2016/5/18,-0.000204554,0.002792,-0.009716577,-0.040581
2016/5/19,-0.000513561,-0.009263,-0.010230138,-0.049844
2016/5/20,0.00024075,0.003229,-0.009989388,-0.046615
2016/5/23,0.000991099,0.024089,-0.008998289,-0.022526
2016/5/24,0.00022745,-0.002462,-0.00877084,-0.024988
2016/5/25,0.000811467,0.009255,-0.007959373,-0.015733
2016/5/26,0.000525993,-0.00092,-0.00743338,-0.016653
2016/5/27,0.000960411,0.007996,-0.006472969,-0.008657
2016/5/30,0.001428853,0.009554,-0.005044116,0.000897
2016/5/31,-0.000226008,0.000569,-0.005270125,0.001466
2016/6/1,0.000928285,0.005532,-0.00434184,0.006998
2016/6/2,-3.62632E-05,-0.005696,-0.004378103,0.001302
2016/6/3,0.000205245,0.002883,-0.004172859,0.004185
2016/6/4,0.000687873,0.001206,-0.003484986,0.005391
2016/6/6,-0.000330104,-0.000472,-0.00381509,0.004919
2016/6/7,0.000934421,0.010267,-0.002880669,0.015186
2016/6/8,4.61512E-05,0.000657,-0.002834518,0.015843
2016/6/13,-0.002296917,-0.020584,-0.005131435,-0.004741
2016/6/14,0.000996516,0.005447,-0.004134918,0.000706
2016/6/15,0.001147466,0.003003,-0.002987452,0.003709
2016/6/16,-0.00058263,-0.012503,-0.003570082,-0.008794
2016/6/17,0.001100769,0.007472,-0.002469313,-0.001322
2016/6/20,0.001474557,0.008083,-0.000994756,0.006761
2016/6/21,0.001007669,0.00532,1.29125E-05,0.012081
2016/6/22,1.53513E-05,0.003782,2.82638E-05,0.015863
2016/6/23,-0.000253921,-0.00241,-0.000225657,0.013453
2016/6/24,-0.006979864,-0.021336,-0.007205522,-0.007883
2016/6/27,0.002258103,0.004337,-0.004947419,-0.003546
2016/6/28,0.001720508,0.004842,-0.003226911,0.001296
2016/6/29,0.001569362,0.009076,-0.001657549,0.010372
2016/6/30,0.001745017,0.008119,8.74685E-05,0.018491
2016/7/1,0.000786707,0.005691,0.000874175,0.024182
2016/7/4,0.002151129,0.005046,0.003025304,0.029228
2016/7/5,0.001857417,-0.003326,0.004882722,0.025902
2016/7/6,-0.003143183,-0.015092,0.001739539,0.01081
2016/7/7,0.002928418,0.00695,0.004667957,0.01776
2016/7/11,0.003244819,0.013904,0.007912775,0.031664
2016/7/12,0.001779102,0.007884,0.009691877,0.039548
2016/7/13,0.004684664,0.00716,0.014376541,0.046708
2016/7/14,0.002372422,0.001662,0.016748964,0.04837
2016/7/15,0.002897516,0.011841,0.01964648,0.060211
2016/7/18,0.003717507,0.008387,0.023363987,0.068598
2016/7/19,0.001544595,0.003847,0.024908581,0.072445
2016/7/20,-0.000147158,-0.002617,0.024761423,0.069828
2016/7/21,-0.003337624,0.007461,0.021423799,0.077289
2016/7/22,-0.000404375,-0.004539,0.021019424,0.07275
2016/7/25,-0.002315274,-0.002828,0.01870415,0.069922
2016/7/26,0.002502917,0.003845,0.021207067,0.073767
2016/7/27,0.000555128,0.002928,0.021762195,0.076695
2016/7/28,-9.47542E-05,0.000487,0.021667441,0.077182
2016/7/29,-0.005879127,-0.006734,0.015788314,0.070448
2016/8/1,0.003782706,0.008593,0.01957102,0.079041
2016/8/2,0.002527912,0.000552,0.022098932,0.079593
2016/8/3,-0.000287283,-0.00439,0.021811649,0.075203
2016/8/4,0.002923194,0.001675,0.024734843,0.076878
2016/8/5,0.003108354,0.007146,0.027843197,0.084024
2016/8/8,0.002212886,0.006615,0.030056083,0.090639
2016/8/9,-0.004006956,0.000454,0.026049127,0.091093
2016/8/10,0.001577256,0.005276,0.027626383,0.096369
2016/8/11,-0.003688095,-0.005066,0.023938288,0.091303
2016/8/12,0.002370714,0.001391,0.026309002,0.092694
2016/8/15,0.001336232,-0.000373,0.027645235,0.092321
2016/8/16,0.000267444,-0.000766,0.027912678,0.091555
2016/8/17,0.000868041,-0.000677,0.028780719,0.090878
2016/8/18,0.002370803,0.002753,0.031151522,0.093631
2016/8/19,-0.002792536,-0.009769,0.028358985,0.083862
2016/8/22,-0.002791033,-0.005052,0.025567952,0.07881
2016/8/23,0.002195686,0.005409,0.027763638,0.084219
2016/8/24,-0.000100052,-0.00048,0.027663585,0.083739
2016/8/25,0.002934624,0.009389,0.030598209,0.093128
2016/8/26,0.001530772,0.002323,0.032128981,0.095451
2016/8/29,0.001869561,-0.002053,0.033998543,0.093398
2016/8/30,0.002447401,0.002725,0.036445944,0.096123
2016/8/31,-0.000684295,-0.006235,0.03576165,0.089888
2016/9/1,-0.001653791,-0.005865,0.034107858,0.084023
2016/9/2,-0.003936102,0.000916,0.030171757,0.084939
2016/9/5,0.003497725,0.011415,0.033669482,0.096354
2016/9/6,0.002058848,0.009236,0.03572833,0.10559
2016/9/7,0.002984452,0.004349,0.038712782,0.109939
2016/9/8,0.001767832,0.002118,0.040480614,0.112057
2016/9/9,0.000361757,-0.008757,0.040842371,0.1033
2016/9/10,-0.004840383,-0.012875,0.036001988,0.090425
2016/9/12,-0.001573123,-0.010681,0.034428865,0.079744
2016/9/13,-0.002956836,-0.000857,0.031472029,0.078887
2016/9/14,0.000264047,-0.003428,0.031736076,0.075459
2016/9/19,-0.000477484,0.023169,0.031258593,0.098628
2016/9/20,0.0008642,0.00065,0.032122793,0.099278
2016/9/21,0.003590782,0.00766,0.035713574,0.106938
2016/9/22,-0.000336249,-0.000861,0.035377325,0.106077
2016/9/23,0.002116109,0.004199,0.037493434,0.110276
2016/9/26,-0.001604956,-0.006513,0.035888478,0.103763
2016/9/29,0.001065227,0.007152,0.036953705,0.110915
2016/9/30,-0.00137784,-0.010163,0.035575865,0.100752
2016/10/3,0.00152964,0.004813,0.037105505,0.105565
2016/10/4,0.001708993,0.005902,0.038814498,0.111467
2016/10/5,7.48824E-05,-0.00079,0.03888938,0.110677
2016/10/6,0.000537519,-0.000137,0.0394269,0.11054
2016/10/7,-0.001359091,-0.003009,0.038067809,0.107531
2016/10/11,-0.008026766,-0.005436,0.030041043,0.102095
2016/10/12,-0.000172941,0.001997,0.029868101,0.104092
2016/10/13,-0.000476396,-0.003235,0.029391706,0.100857
2016/10/14,-0.002982473,-0.00656,0.026409233,0.094297
2016/10/17,0.000784415,0.003245,0.027193648,0.097542
2016/10/18,0.000949517,0.005592,0.028143165,0.103134
2016/10/19,0.001005714,0.005191,0.029148879,0.108325
2016/10/20,0.001312569,0.003205,0.030461448,0.11153
2016/10/21,0.000633483,0.000921,0.031094931,0.112451
2016/10/24,0.000342713,-0.000811,0.031437644,0.11164
2016/10/25,0.000685165,0.005955,0.032122808,0.117595
2016/10/26,0.000494261,-0.001307,0.03261707,0.116288
2016/10/27,-0.000460444,-0.004699,0.032156626,0.111589
2016/10/28,-0.001195923,-0.000204,0.030960703,0.111385
2016/10/31,-3.23602E-05,-0.001034,0.030928343,0.110351
2016/11/1,-0.000330584,-0.003438,0.030597759,0.106913
2016/11/2,-0.00364092,-0.013499,0.026956839,0.093414
2016/11/3,-0.001237181,-0.007765,0.025719658,0.085649
2016/11/4,5.14811E-05,0.000125,0.025771139,0.085774
2016/11/7,0.001117223,0.011025,0.026888363,0.096799
2016/11/8,0.000312528,0.004291,0.02720089,0.10109
2016/11/9,-0.004360259,-0.028652,0.022840631,0.072438
2016/11/10,0.002660163,0.024226,0.025500795,0.096664
2016/11/11,-0.000420122,-0.021214,0.025080673,0.07545
2016/11/14,0.000608307,-0.001171,0.02568898,0.074279
2016/11/15,0.00048721,-0.000649,0.026176191,0.07363
2016/11/16,0.000288895,0.004266,0.026465086,0.077896
2016/11/17,0.000590418,0.002668,0.027055503,0.080564
2016/11/18,0.000712286,0.002409,0.027767789,0.082973
2016/11/21,0.001553785,0.004321,0.029321574,0.087294
2016/11/22,-4.29071E-06,0.008831,0.029317284,0.096125
2016/11/23,3.27809E-05,0.004176,0.029350065,0.100301
2016/11/24,0.000650082,-0.000523,0.030000146,0.099778
2016/11/25,9.07348E-05,0.002207,0.030090881,0.101985
2016/11/28,0.001683109,0.006024,0.03177399,0.108009
2016/11/29,0.000294164,-0.001603,0.032068154,0.106406
2016/11/30,0.001014754,0.005205,0.033082908,0.111611
2016/12/1,0.00073191,0.002971,0.033814818,0.114582
2016/12/2,0.000631813,-0.003896,0.034446632,0.110686
2016/12/5,-0.000258797,-0.004932,0.034187835,0.105754
2016/12/6,0.000799004,0.008352,0.034986838,0.114106
2016/12/7,0.000340171,0.002278,0.035327009,0.116384
2016/12/8,0.000452399,0.009978,0.035779409,0.126362
2016/12/9,0.000319625,0.001598,0.036099033,0.12796
2016/12/12,0.00014912,-0.004391,0.036248154,0.123569
2016/12/13,0.001069758,0.003016,0.037317911,0.126585
2016/12/14,-0.000124211,-0.003458,0.0371937,0.123127
2016/12/15,0.000342787,-0.00049,0.037536487,0.122637
2016/12/16,0.000309683,-0.002071,0.03784617,0.120566
2016/12/19,-0.002104979,-0.008511,0.035741191,0.112055
2016/12/20,0.000600612,0.000401,0.036341803,0.112456
2016/12/21,-0.000208562,-0.002067,0.036133241,0.110389
2016/12/22,-0.001975474,-0.010079,0.034157766,0.10031
2016/12/23,-0.000585827,-0.004713,0.033571939,0.095597
2016/12/26,0.000638889,0.003082,0.034210828,0.098679
2016/12/27,-0.00040069,-0.000754,0.033810139,0.097925
2016/12/28,0.000604875,0.009867,0.034415014,0.107792
2016/12/29,-0.00028086,-0.004009,0.034134154,0.103783
2016/12/30,0.001852047,0.011493,0.035986201,0.115276
2017/1/3,0.001113515,0.000855,0.037099716,0.116131
2017/1/4,0.001156744,0.001829,0.03825646,0.11796
2017/1/5,0.003960611,0.008735,0.042217071,0.126695
2017/1/6,0.001353519,0.001272,0.04357059,0.127967
2017/1/9,-0.00161502,-0.003861,0.04195557,0.124106
2017/1/10,0.014444267,0.000934,0.056399837,0.12504
2017/1/11,0.000340851,0.001769,0.056740688,0.126809
2017/1/12,0.001585118,0.005466,0.058325806,0.132275
2017/1/13,0.000148876,-0.000618,0.058474682,0.131657
2017/1/16,-0.002503827,-0.008825,0.055970855,0.122832
2017/1/17,0.002706257,0.006333,0.058677112,0.129165
2017/1/18,0.002309786,-0.001621,0.060986898,0.127544
2017/1/19,-0.00047517,-0.002522,0.060511728,0.125022
2017/1/20,0.000330664,0.00115,0.060842392,0.126172
2017/1/23,0.002898229,0.007395,0.063740621,0.133567
2017/1/24,0.001212468,0.002483,0.06495309,0.13605
2017/2/2,0.005325839,-0.001302,0.070278928,0.134748
2017/2/3,0.004969986,0.003406,0.075248914,0.138154
2017/2/6,0.008079609,0.010526,0.083328523,0.14868
2017/2/7,0.002199035,0.002104,0.085527558,0.150784
2017/2/8,0.00199976,-0.000288,0.087527318,0.150496
2017/2/9,0.001277027,0.005306,0.088804345,0.155802
2017/2/10,-0.000312105,0.007747,0.088492239,0.163549
2017/2/13,0.003295076,0.003371,0.091787315,0.16692
2017/2/14,-0.000540259,0.001051,0.091247057,0.167971
2017/2/15,0.005060484,0.008394,0.096307541,0.176365
2017/2/16,-0.000792839,-0.003487,0.095514702,0.172878
2017/2/17,0.003251349,-0.001914,0.098766051,0.170964
2017/2/18,0.003783545,0.002482,0.102549597,0.173446
2017/2/20,-0.000332922,-0.00382,0.102216675,0.169626
2017/2/21,-0.000135562,0.001394,0.102081113,0.17102
2017/2/22,0.00361178,0.003592,0.105692893,0.174612
2017/2/23,-0.000903518,-0.001203,0.104789375,0.173409
2017/2/24,0.001657056,-0.002818,0.106446431,0.170591
2017/3/1,0.000574967,-0.006079,0.107021398,0.164512
2017/3/2,-0.000987407,0.002061,0.106033991,0.166573
2017/3/3,-0.003707578,-0.003193,0.102326413,0.16338
2017/3/6,0.005601802,0.004835,0.107928215,0.168215
2017/3/7,0.002167422,0.004655,0.110095638,0.17287
2017/3/8,0.001870406,0.000252,0.111966043,0.173122
2017/3/9,-0.008395317,-0.008955,0.103570726,0.164167
2017/3/10,-0.004067192,-0.002732,0.099503535,0.161435
2017/3/13,0.006873089,0.00532,0.106376623,0.166755
2017/3/14,0.002103915,0.006343,0.108480538,0.173098
2017/3/15,0.000916881,-0.001026,0.109397419,0.172072
2017/3/16,0.003315499,0.008258,0.112712918,0.18033
2017/3/17,0.004379379,0.007025,0.117092298,0.187355
2017/3/20,0.004521568,0.000495,0.121613865,0.18785
2017/3/21,-0.000543459,0.003461,0.121070406,0.191311
2017/3/22,0.001534299,-0.004406,0.122604705,0.186905
2017/3/23,0.003434078,0.00096,0.126038783,0.187865
2017/3/24,5.61805E-05,-0.002287,0.126094963,0.185578
2017/3/27,-0.007319867,-0.003749,0.118775096,0.181829
2017/3/28,-0.005090339,-0.001656,0.113684756,0.180173
2017/3/29,0.002198063,0.000804,0.115882819,0.180977
2017/3/30,-0.002522348,-0.000935,0.113360471,0.180042
2017/3/31,0.000651186,-0.001772,0.114011657,0.17827
2017/4/5,0.003109361,0.012569,0.117121018,0.190839
2017/4/6,0.000626336,-0.004605,0.117747354,0.186234
2017/4/7,-0.001349697,-0.002437,0.116397657,0.183797
2017/4/10,0.001569123,0.00216,0.11796678,0.185957
2017/4/11,-0.004433132,-0.007171,0.113533648,0.178786
2017/4/12,-0.000901867,-0.001825,0.112631781,0.176961
2017/4/13,0.000131286,0.001811,0.112763067,0.178772
2017/4/14,-0.00688499,-0.010155,0.105878077,0.168617
2017/4/17,-0.000845812,-0.000403,0.105032265,0.168214
2017/4/18,0.001892161,0.003289,0.106924426,0.171503
2017/4/19,-0.001850926,-0.011504,0.1050735,0.159999
2017/4/20,-0.000106834,-0.001357,0.104966666,0.158642
2017/4/21,0.001612815,0.007266,0.106579481,0.165908
2017/4/24,-0.000619363,0.000082,0.105960119,0.16599
2017/4/25,0.001691656,0.013135,0.107651775,0.179125
2017/4/26,0.001231501,0.002925,0.108883275,0.18205
2017/4/27,0.000293723,-0.001619,0.109176998,0.180431
2017/4/28,0.00060901,-0.000183,0.109786008,0.180248
2017/5/2,0.001501816,0.006366,0.111287824,0.186614
2017/5/3,-0.000534056,0.00006,0.110753767,0.186674
2017/5/4,0.001499409,0.001486,0.112253176,0.18816
2017/5/5,-0.000740813,-0.007688,0.111512363,0.180472
2017/5/8,-0.000313234,-0.000828,0.111199129,0.179644
2017/5/9,-0.003394458,-0.003734,0.107804671,0.17591
2017/5/10,0.002467901,0.004397,0.110272572,0.180307
2017/5/11,0.000177336,0.001911,0.110449909,0.182218
2017/5/12,0.001624973,-0.000163,0.112074882,0.182055
2017/5/15,0.001418002,0.00608,0.113492883,0.188135
2017/5/16,-0.000603915,0.000908,0.112888968,0.189043
2017/5/17,0.001366134,-0.001612,0.114255102,0.187431
2017/5/18,-3.92446E-05,-0.004784,0.114215857,0.182647
2017/5/19,0.001015071,-0.002073,0.115230928,0.180574
2017/5/22,0.001239262,0.003896,0.11647019,0.18447
2017/5/23,0.000554628,0.001358,0.117024818,0.185828
2017/5/24,0.001710772,0.003866,0.11873559,0.189694
2017/5/25,0.001059937,0.006103,0.119795527,0.195797
2017/5/26,0.00053048,-0.000781,0.120326008,0.195016
2017/5/31,0.000823307,-0.002928,0.121149315,0.192088
2017/6/1,0.001262308,0.001519,0.122411622,0.193607
2017/6/2,0.007996419,0.005784,0.130408042,0.199391
2017/6/3,0.001827339,0.000662,0.13223538,0.200053
2017/6/5,0.001177872,0.005119,0.133413253,0.205172
2017/6/6,-3.91332E-05,-0.000818,0.133374119,0.204354
2017/6/7,-0.001333744,-0.000571,0.132040376,0.203783
2017/6/8,0.001357002,0.000296,0.133397378,0.204079
2017/6/9,-0.001572637,-0.002115,0.131824741,0.201964
2017/6/12,-0.001072504,-0.006071,0.130752237,0.195893
2017/6/13,0.000431695,0.001784,0.131183932,0.197677
2017/6/14,-0.003742998,-0.005552,0.127440934,0.192125
2017/6/15,0.000276366,0.000925,0.1277173,0.19305
2017/6/16,0.001798576,0.004587,0.129515876,0.197637
2017/6/19,0.001620037,0.009652,0.131135913,0.207289
2017/6/20,-0.000125469,0.005326,0.131010444,0.212615
2017/6/21,0.001972566,0.004016,0.132983009,0.216631
2017/6/22,0.00059083,0.003514,0.133573839,0.220145
2017/6/23,-0.00052836,-0.001425,0.133045479,0.21872
2017/6/26,0.00226293,0.018271,0.13530841,0.236991
2017/6/27,-6.16908E-05,0.003357,0.135246719,0.240348
2017/6/28,-0.001065916,-0.008602,0.134180803,0.231746
2017/6/29,-0.000449231,0.002306,0.133731572,0.234052
2017/6/30,0.000781695,-0.001276,0.134513267,0.232776
2017/7/3,0.001827667,0.004312,0.136340933,0.237088
2017/7/4,-0.000575452,-0.005199,0.135765481,0.231889
2017/7/5,0.000849055,0.005676,0.136614536,0.237565
2017/7/6,0.000351305,-0.000756,0.136965841,0.236809
2017/7/7,-0.002385485,-0.006467,0.134580356,0.230342
2017/7/10,-0.001389319,-0.000621,0.133191036,0.229721
2017/7/11,0.001012596,0.010171,0.134203632,0.239892
2017/7/12,0.002301908,0.00408,0.13650554,0.243972
2017/7/13,0.001869864,0.004486,0.138375404,0.248458
2017/7/14,-0.017831108,0.000074,0.120544295,0.248532
2017/7/17,0.001508383,0.00265,0.122052678,0.251182
2017/7/18,0.00170621,0.003734,0.123758888,0.254916
2017/7/19,0.001878551,0.002725,0.125637439,0.257641
2017/7/20,-0.0001358,-0.001076,0.125501639,0.256565
2017/7/21,-5.34473E-07,-0.004091,0.125501104,0.252474
2017/7/24,-0.000745146,0.00256,0.124755958,0.255034
2017/7/25,0.032429128,0.001642,0.157185087,0.256676
2017/7/26,-0.000427095,-0.003156,0.156757992,0.25352
2017/7/27,-0.003816091,0.008852,0.152941901,0.262372
2017/7/28,-0.002924495,-0.007212,0.150017407,0.25516
2017/7/31,0.00189942,-0.000431,0.151916826,0.254729
2017/8/1,0.003545454,0.004658,0.155462281,0.259387
2017/8/2,0.002705313,0.006185,0.158167593,0.265572
2017/8/3,7.79384E-05,-0.002261,0.158245531,0.263311
2017/8/4,0.002735181,0.005375,0.160980712,0.268686
2017/8/7,0.003636371,0.005437,0.164617083,0.274123
2017/8/8,-0.002751819,-0.001998,0.161865264,0.272125
2017/8/9,-0.000119058,-0.007353,0.161746207,0.264772
2017/8/10,-0.009858904,-0.014584,0.151887302,0.250188
2017/8/11,0.000829531,0.00172,0.152716834,0.251908
2017/8/14,-0.004497523,-0.010633,0.14821931,0.241275
2017/8/15,0.001754859,0.007214,0.149974169,0.248489
2017/8/16,0.001169322,-0.000616,0.151143491,0.247873
2017/8/17,0.00309947,0.009164,0.154242961,0.257037
2017/8/18,0.000859457,-0.004053,0.155102418,0.252984
2017/8/21,0.002113433,0.001967,0.15721585,0.254951
2017/8/22,0.001662329,0.004801,0.158878179,0.259752
2017/8/23,0.00140815,0.00098,0.160286329,0.260732
2017/8/24,0.003627428,0.008486,0.163913757,0.269218
2017/8/25,0.001480437,0.002725,0.165394194,0.271943
2017/8/28,0.001976524,0.002958,0.167370718,0.274901
2017/8/29,0.00032114,-0.00309,0.167691858,0.271811
2017/8/30,0.002703112,0.007191,0.170394969,0.279002
2017/8/31,0.001047971,0.003003,0.17144294,0.282005
2017/9/1,0.001490372,0.001013,0.172933312,0.283018
2017/9/4,-0.00067041,-0.003915,0.172262902,0.279103
2017/9/5,0.003994386,0.005047,0.176257288,0.28415
2017/9/6,-0.002143997,-0.007025,0.174113291,0.277125
2017/9/7,-0.000210992,-0.000999,0.1739023,0.276126
2017/9/8,0.004781355,0.007267,0.178683654,0.283393
2017/9/11,0.001183297,-0.003068,0.179866952,0.280325
2017/9/12,-0.000102845,0.002338,0.179764106,0.282663
2017/9/13,-0.000635623,-0.007914,0.179128483,0.274749
2017/9/14,0.00192048,0.002326,0.181048963,0.277075
2017/9/15,0.001112109,0.00308,0.182161073,0.280155
2017/9/18,0.001592211,0.005076,0.183753284,0.285231
2017/9/19,-0.002070847,-0.008427,0.181682437,0.276804
2017/9/20,-0.000923796,-0.006579,0.180758641,0.270225
2017/9/21,0.00373767,0.007422,0.184496311,0.277647
2017/9/22,-0.003346023,-0.012329,0.181150288,0.265318
2017/9/25,-0.004660471,-0.011826,0.176489817,0.253492
2017/9/26,-0.003010844,-0.006176,0.173478973,0.247316
2017/9/27,0.001585055,0.00725,0.175064029,0.254566
2017/9/28,0.001447971,-0.002557,0.176512,0.252009
2017/9/29,0.00018036,0.001322,0.176692359,0.253331
2017/9/30,0.001503147,0.0064,0.178195507,0.259731
2017/10/2,0.001793567,0.005431,0.179989073,0.265162
2017/10/3,-0.000659407,-0.001539,0.179329667,0.263623
2017/10/5,0.004706019,0.003677,0.184035686,0.2673
2017/10/6,0.00165792,0.00172,0.185693605,0.26902
2017/10/11,0.001517681,0.003952,0.187211287,0.272972
2017/10/12,-0.000169357,0.003609,0.18704193,0.276581
2017/10/13,0.000705962,0.001426,0.187747892,0.278007
2017/10/16,0.001906426,0.005334,0.189654318,0.283341
2017/10/17,-0.002289178,-0.0034,0.18736514,0.279941
2017/10/18,0.000297347,-0.002338,0.187662487,0.277603
2017/10/19,0.00123233,0.003077,0.188894817,0.28068
2017/10/20,0.000108073,-0.002103,0.18900289,0.278577
2017/10/23,0.001226893,-0.000774,0.190229782,0.277803
2017/10/24,0.0010585,0.002036,0.191288282,0.279839
2017/10/25,-6.14281E-06,0.000753,0.191282139,0.280592
2017/10/26,0.000670539,0.000212,0.191952679,0.280804
2017/10/27,-0.003251659,-0.006022,0.18870102,0.274782
2017/10/30,0.000361572,0.001422,0.189062593,0.276204
2017/10/31,0.002599924,0.004195,0.191662517,0.280399
2017/11/1,0.001377328,0.001969,0.193039845,0.282368
2017/11/2,0.001407408,-0.000551,0.194447254,0.281817
2017/11/3,0.001778826,0.003426,0.19622608,0.285243
2017/11/6,0.000764681,-0.002154,0.196990761,0.283089
2017/11/7,-0.000341039,0.001669,0.196649722,0.284758
2017/11/8,0.001230398,-0.000959,0.19788012,0.283799
2017/11/9,-0.003405943,-0.007188,0.194474178,0.276611
2017/11/10,0.002505003,-0.000742,0.196979181,0.275869
2017/11/13,-0.002138242,-0.004646,0.194840939,0.271223
2017/11/14,-0.001777783,-0.000136,0.193063156,0.271087
2017/11/15,0.000681928,-0.004028,0.193745084,0.267059
2017/11/16,7.10254E-05,-0.001194,0.19381611,0.265865
2017/11/17,0.001132546,0.005379,0.194948655,0.271244
2017/11/20,0.001772245,-0.001343,0.1967209,0.269901
2017/11/21,0.001839641,0.008828,0.198560541,0.278729
2017/11/22,0.000372973,0.006055,0.198933514,0.284784
2017/11/23,0.001615457,0.003168,0.200548971,0.287952
2017/11/24,0.000373661,-0.001554,0.200922631,0.286398
2017/11/27,-0.000463668,-0.004834,0.200458963,0.281564
2017/11/28,0.000653076,-0.002038,0.201112039,0.279526
2017/11/29,0.001703444,0.000239,0.202815483,0.279765
2017/11/30,-0.001636183,-0.00903,0.2011793,0.270735
2017/12/1,-0.001717401,-0.000503,0.199461899,0.270232
2017/12/4,0.001659398,0.002823,0.201121297,0.273055
2017/12/5,-0.002481409,-0.005225,0.198639888,0.26783
2017/12/6,-0.003027346,-0.017604,0.195612541,0.250226
2017/12/7,-0.000723899,-0.004017,0.194888643,0.246209
2017/12/8,0.00045928,0.004619,0.195347922,0.250828
2017/12/11,0.001440581,0.008286,0.196788504,0.259114
2017/12/12,-0.000514607,-0.003487,0.196273897,0.255627
2017/12/13,0.001204239,0.003775,0.197478136,0.259402
2017/12/14,0.000590783,0.004342,0.198068918,0.263744
2017/12/15,0.00010102,-0.004901,0.198169939,0.258843
2017/12/18,0.001166816,0.004813,0.199336755,0.263656
2017/12/19,-0.000619033,-0.00257,0.198717722,0.261086
2017/12/20,0.001459939,0.004895,0.200177661,0.265981
2017/12/21,0.001088346,-0.002337,0.201266007,0.263644
2017/12/22,0.000724488,0.003067,0.201990495,0.266711
2017/12/25,-0.013243005,-0.002776,0.18874749,0.263935
2017/12/26,-0.002603779,-0.009236,0.186143711,0.254699
2017/12/27,0.002447193,0.008671,0.188590904,0.26337
2017/12/28,0.001577258,0.008499,0.190168162,0.271869
2017/12/29,0.002032844,0.005165,0.192201005,0.277034
2018/1/2,0.002432511,0.004851,0.194633517,0.281885
2018/1/3,0.001915075,0.005947,0.196548592,0.287832
2018/1/4,0.00073765,0.002892,0.197286242,0.290724
2018/1/5,0.012350617,0.003045,0.209636859,0.293769
2018/1/8,0.000244309,0.002083,0.209881168,0.295852
2018/1/9,-0.000270621,-0.000092,0.209610548,0.29576
2018/1/10,-0.000356537,-0.004058,0.209254011,0.291702
2018/1/11,-0.000321274,-0.000915,0.208932738,0.290787
2018/1/12,0.002307893,0.006431,0.21124063,0.297218
2018/1/15,0.001512049,0.005239,0.21275268,0.302457
2018/1/16,0.001335396,0.002852,0.214088076,0.305309
2018/1/17,0.001186912,0.000653,0.215274987,0.305962
2018/1/18,-0.001315664,0.001128,0.213959324,0.30709
2018/1/19,-0.000857381,0.00203,0.213101942,0.30912
2018/1/22,0.000744772,0.003162,0.213846715,0.312282
2018/1/23,-0.00104054,-0.001961,0.212806175,0.310321
2018/1/24,-0.000107432,-0.00348,0.212698743,0.306841
2018/1/25,-0.001011176,0.001531,0.211687567,0.308372
2018/1/26,0.00125643,0.000816,0.212943997,0.309188
2018/1/29,0.000773311,0.00493,0.213717308,0.314118
2018/1/30,-0.004321437,-0.010816,0.209395872,0.303302
2018/1/31,0.000184962,0.001098,0.209580834,0.3044
2018/2/1,-0.000127469,0.00193,0.209453365,0.30633
2018/2/2,-0.000422066,-0.003836,0.209031299,0.302494
2018/2/5,-0.003455675,-0.013919,0.205575624,0.288575
2018/2/6,-0.015857538,-0.048082,0.189718086,0.240493
2018/2/7,0.001047535,0.016629,0.190765621,0.257122
2018/2/8,-0.000130992,-0.001193,0.19063463,0.255929
2018/2/9,-0.000411628,-0.012391,0.190223002,0.243538
2018/2/12,0.000695984,0.00174,0.190918986,0.245278
2018/2/21,0.001589541,0.028864,0.192508527,0.274142
2018/2/22,0.000505603,-0.002992,0.193014131,0.27115
2018/2/23,0.001573527,0.009803,0.194587658,0.280953
2018/2/26,-0.043271815,0.003339,0.151315843,0.284292
2018/2/27,-0.000362912,-0.00194,0.150952931,0.282352
2018/3/1,0.00279199,-0.000406,0.153744921,0.281946
2018/3/2,-0.000204635,-0.007085,0.153540286,0.274861
2018/3/5,-0.000328642,-0.00796,0.153211644,0.266901
2018/3/6,0.001661069,0.007885,0.154872714,0.274786
2018/3/7,3.83191E-05,-0.001491,0.154911033,0.273295
2018/3/8,0.001412554,0.006534,0.156323587,0.279829
2018/3/9,0.000121766,0.003795,0.156445352,0.283624
2018/3/12,0.001286579,0.012276,0.157731931,0.2959
2018/3/13,0.00112555,0.005714,0.158857481,0.301614
2018/3/14,0.001163404,-0.004443,0.160020885,0.297171
2018/3/15,0.002102233,-0.000338,0.162123118,0.296833
2018/3/16,0.001076437,0.001071,0.163199555,0.297904
2018/3/19,0.002125049,0.002161,0.165324604,0.300065
2018/3/20,0.000925126,-0.002113,0.166249729,0.297952
2018/3/21,0.001416723,0.000529,0.167666453,0.298481
2018/3/22,-0.002195909,0.000363,0.165470543,0.298844
2018/3/23,-0.002443023,-0.014293,0.16302752,0.284551
2018/3/26,0.001861575,0.003417,0.164889095,0.287968
2018/3/27,0.001846025,0.009323,0.16673512,0.297291
2018/3/28,0.000629646,-0.00783,0.167364766,0.289461
2018/3/29,0.00187292,-0.00128,0.169237686,0.288181
2018/3/30,0.000708026,0.004934,0.169945712,0.293115
2018/3/31,0.002401422,0.000011,0.172347134,0.293126
2018/4/2,0.003003586,-0.002557,0.17535072,0.290569
2018/4/3,0.001157344,-0.005133,0.176508064,0.285436
2018/4/9,0.002599304,0.007254,0.179107367,0.29269
2018/4/10,-0.001320066,0.003352,0.177787301,0.296042
2018/4/11,0.001658145,0.002845,0.179445447,0.298887
2018/4/12,0.000638127,0.000869,0.180083574,0.299756
2018/4/13,-7.83531E-05,0.00163,0.180005221,0.301386
2018/4/16,-0.000177809,-0.000259,0.179827411,0.301127
2018/4/17,-0.003134536,-0.010831,0.176692875,0.290296
2018/4/18,0.001522324,0.004276,0.178215199,0.294572
2018/4/19,0.001364921,0.007532,0.179580121,0.302104
2018/4/20,-0.000682249,-0.006216,0.178897872,0.295888
2018/4/23,3.11623E-05,-0.006886,0.178929035,0.289002
2018/4/24,-0.003534081,-0.014033,0.175394953,0.274969
2018/4/25,0.000613236,-0.000217,0.176008189,0.274752
2018/4/26,-0.001688683,-0.005252,0.174319506,0.2695
2018/4/27,0.000898137,0.006064,0.175217644,0.275564
2018/4/30,0.00130911,0.010204,0.176526754,0.285768
2018/5/2,0.000292736,0.000298,0.176819489,0.286066
2018/5/3,-0.000809575,-0.009575,0.176009915,0.276491
2018/5/4,-0.000354569,-0.001655,0.175655346,0.274836
2018/5/7,0.000739309,0.008577,0.176394655,0.283413
2018/5/8,0.000270391,0.005733,0.176665046,0.289146
2018/5/9,0.000727852,-0.000041,0.177392898,0.289105
2018/5/10,-0.000610499,0.006504,0.176782399,0.295609
2018/5/11,-5.54076E-05,0.007823,0.176726991,0.303432
2018/5/14,0.001549444,0.010598,0.178276435,0.31403
2018/5/15,-5.61145E-05,-0.006236,0.178220321,0.307794
2018/5/16,0.000957928,0.002579,0.179178249,0.310373
2018/5/17,0.000655614,-0.003235,0.179833862,0.307138
2018/5/18,0.00048762,0.002617,0.180321482,0.309755
2018/5/21,0.000987154,0.009858,0.181308637,0.319613
2018/5/22,-0.000935664,-0.003069,0.180372972,0.316544
2018/5/23,-0.000122575,-0.005364,0.180250398,0.31118
2018/5/24,0.001883638,0.00523,0.182134035,0.31641
2018/5/25,-0.000310766,0.001079,0.181823269,0.317489
2018/5/28,0.000861421,0.006528,0.18268469,0.324017
2018/5/29,-0.000328292,-0.000703,0.182356398,0.323314
2018/5/30,-0.000856872,-0.012001,0.181499526,0.311313
2018/5/31,0.001946661,0.003062,0.183446187,0.314375
2018/6/1,0.001134639,0.008356,0.184580826,0.322731
2018/6/4,0.002378732,0.013027,0.186959558,0.335758
2018/6/5,-2.29358E-05,-0.000971,0.186936622,0.334787
2018/6/6,0.001519266,0.010193,0.188455889,0.34498
2018/6/7,0.000506363,0.005439,0.188962251,0.350419
2018/6/8,-0.000473876,-0.00748,0.188488375,0.342939
2018/6/11,0.001288071,0.00018,0.189776446,0.343119
2018/6/12,0.00048588,-0.003323,0.190262326,0.339796
2018/6/13,0.000295112,0.000229,0.190557438,0.340025
2018/6/14,-0.000984804,-0.012087,0.189572634,0.327938
2018/6/15,0.000255588,0.004043,0.189828222,0.331981
2018/6/19,-0.002400674,-0.01439,0.187427548,0.317591
2018/6/20,-0.001069005,0.00168,0.186358543,0.319271
2018/6/21,0.001931879,0.001309,0.188290421,0.32058
2018/6/22,0.001944295,-0.005628,0.190234717,0.314952
2018/6/25,0.000432998,-0.003365,0.190667714,0.311587
2018/6/26,-0.00079817,0.00058,0.189869544,0.312167
2018/6/27,6.33968E-05,-0.003109,0.189932941,0.309058
2018/6/28,-3.5036E-05,-0.003631,0.189897905,0.305427
2018/6/29,0.001540323,0.016316,0.191438228,0.321743
2018/7/2,-0.000726518,-0.003359,0.19071171,0.318384
2018/7/3,-0.00271601,-0.00689,0.187995699,0.311494
2018/7/4,2.23303E-05,0.00227,0.18801803,0.313764
2018/7/5,-0.001848269,-0.008841,0.186169761,0.304923
2018/7/6,-0.000350274,-0.002501,0.185819487,0.302422
2018/7/9,0.00179915,0.01053,0.187618637,0.312952
2018/7/10,0.000651128,0.00663,0.188269765,0.319582
2018/7/11,-0.0007619,-0.004703,0.187507865,0.314879
2018/7/12,0.00159135,0.008444,0.189099215,0.323323
2018/7/13,0.001397448,0.011058,0.190496663,0.334381
2018/7/16,0.000518775,-0.003893,0.191015438,0.330488
2018/7/17,0.000421537,-0.001588,0.191436975,0.3289
2018/7/18,0.00114324,0.00627,0.192580216,0.33517
2018/7/19,-0.000671763,-0.001805,0.191908453,0.333365
2018/7/20,-0.000595724,-0.001727,0.191312728,0.331638
2018/7/23,-0.000764898,0.000194,0.190547831,0.331832
2018/7/24,0.001389181,0.00569,0.191937011,0.337522
2018/7/25,0.000520725,-0.00076,0.192457736,0.336762
2018/7/26,0.00117521,0.006031,0.193632947,0.342793
2018/7/27,0.000714818,0.003944,0.194347765,0.346737
2018/7/30,-0.000485278,-0.004557,0.193862487,0.34218
2018/7/31,0.000906882,0.00297,0.194769369,0.34515
2018/8/1,0.001022744,0.003889,0.195792113,0.349039
2018/8/2,-0.002580134,-0.013893,0.193211979,0.335146
2018/8/3,0.002128185,0.007097,0.195340165,0.342243
2018/8/6,-0.006261274,0.002833,0.189078891,0.345076
2018/8/7,0.00017836,-0.000609,0.189257251,0.344467
2018/8/8,0.00082459,0.004686,0.190081841,0.349153
2018/8/9,-0.000816547,-0.003762,0.189265294,0.345391
2018/8/10,-0.000546742,-0.001753,0.188718552,0.343638
2018/8/13,-0.006627245,-0.02205,0.182091307,0.321588
2018/8/14,0.002036692,0.006011,0.184127999,0.327599
2018/8/15,-0.001139355,-0.010073,0.182988643,0.317526
2018/8/16,-0.000535983,-0.000618,0.18245266,0.316908
2018/8/17,0.000872711,0.000427,0.183325372,0.317335
2018/8/20,0.000323622,0.000955,0.183648994,0.31829
2018/8/21,0.001240193,0.010044,0.184889187,0.328334
2018/8/22,0.000234338,0.001002,0.185123524,0.329336
2018/8/23,0.000778415,0.004453,0.185901939,0.333789
2018/8/24,-0.001178475,-0.004463,0.184723464,0.329326
2018/8/27,0.002930238,0.009668,0.187653703,0.338994
2018/8/28,0.000763354,0.005577,0.188417056,0.344571
2018/8/29,0.000689669,0.003184,0.189106725,0.347755
2018/8/30,0.000464309,-0.004701,0.189571033,0.343054
2018/8/31,0.00119396,0.004079,0.190764993,0.347133
2018/9/3,-0.001012743,-0.012261,0.18975225,0.334872
2018/9/4,0.001189273,0.006226,0.190941523,0.341098
2018/9/5,-0.001005113,-0.009288,0.18993641,0.33181
2018/9/6,-0.001824553,-0.004873,0.188111857,0.326937
2018/9/7,-0.00448912,-0.011821,0.183622737,0.315116
2018/9/10,-0.002204603,-0.014652,0.181418135,0.300464
2018/9/11,0.001137157,0.00782,0.182555292,0.308284
2018/9/12,-0.001263597,-0.003955,0.181291695,0.304329
2018/9/13,0.001168978,0.006238,0.182460673,0.310567
2018/9/14,0.001171489,0.010374,0.183632161,0.320941
2018/9/17,0.00025639,-0.001528,0.183888551,0.319413
2018/9/18,0.00015915,-0.003992,0.1840477,0.315421
2018/9/19,0.001366004,0.007765,0.185413705,0.323186
2018/9/20,-0.000979815,-0.004841,0.18443389,0.318345
2018/9/21,0.001526476,0.014947,0.185960365,0.333292
2018/9/25,0.000285998,-0.001114,0.186246364,0.332178
2018/9/26,-0.000495319,-0.000483,0.185751044,0.331695
2018/9/27,0.000350229,0.00544,0.186101273,0.337135
2018/9/28,-0.000389531,-0.000569,0.185711742,0.336566
2018/10/1,0.00062661,0.004774,0.186338352,0.34134
2018/10/2,-0.001088093,-0.009657,0.185250259,0.331683
2018/10/3,-0.000977915,-0.008891,0.184272344,0.322792
2018/10/4,-0.001159082,-0.010823,0.183113262,0.311969
2018/10/5,-0.003626975,-0.01965,0.179486287,0.292319
2018/10/8,-0.000390051,-0.00048,0.179096236,0.291839
2018/10/9,-4.97377E-05,0.000764,0.179046498,0.292603
2018/10/11,-0.008900496,-0.061949,0.170146002,0.230654
2018/10/12,0.000152809,0.020109,0.17029881,0.250763
2018/10/15,-6.01377E-05,-0.011084,0.170238673,0.239679
2018/10/16,2.91466E-05,0.00297,0.170267819,0.242649
2018/10/17,-1.73235E-05,-0.001918,0.170250496,0.240731
2018/10/18,-0.000168244,-0.000643,0.170082252,0.240088
2018/10/19,-0.000118317,-0.003901,0.169963934,0.236187
2018/10/22,0.000126523,0.005913,0.170090458,0.2421
2018/10/23,-0.000600712,-0.017237,0.169489746,0.224863
2018/10/24,-0.000108456,-0.001437,0.16938129,0.223426
2018/10/25,-0.000496828,-0.019203,0.168884462,0.204223
2018/10/26,-0.000156381,-0.005916,0.16872808,0.198307
2018/10/29,6.40251E-05,0.001972,0.168792105,0.200279
2018/10/30,4.11905E-05,0.000609,0.168833296,0.200888
2018/10/31,9.72442E-05,0.023362,0.16893054,0.22425
2018/11/1,9.20945E-05,0.003674,0.169022635,0.227924
2018/11/2,6.65162E-05,0.006904,0.169089151,0.234828
2018/11/5,-3.22744E-06,-0.000392,0.169085924,0.234436
2018/11/6,-4.42015E-05,-0.00779,0.169041722,0.226646
2018/11/7,0.00038758,0.011559,0.169429302,0.238205
2018/11/8,9.3004E-05,0.001774,0.169522306,0.239979
2018/11/9,-8.78484E-05,-0.008289,0.169434457,0.23169
2018/11/12,-4.27045E-05,-0.000295,0.169391753,0.231395
2018/11/13,-8.46177E-05,-0.002439,0.169307135,0.228956
2018/11/14,-2.49262E-05,0.001004,0.169282209,0.22996
2018/11/15,-0.000136019,0.001481,0.169146189,0.231441
2018/11/16,0.000250339,0.002191,0.169396528,0.233632
2018/11/19,0.000228559,0.008817,0.169625087,0.242449
2018/11/20,0.000100575,-0.006098,0.169725662,0.236351
2018/11/21,0.000115147,-0.001544,0.169840809,0.234807
2018/11/22,-0.000130117,-0.003575,0.169710693,0.231232
2018/11/23,9.60265E-05,-0.005507,0.169806719,0.225725
2018/11/26,0.000367739,0.007287,0.170174458,0.233012
2018/11/27,0.000151245,0.000509,0.170325703,0.233521
2018/11/28,0.000220641,0.010724,0.170546345,0.244245
2018/11/29,0.000134865,-0.002823,0.17068121,0.241422
2018/11/30,-1.31523E-05,0.004421,0.170668057,0.245843
2018/12/3,0.00124531,0.021083,0.171913368,0.266926
2018/12/4,7.35478E-05,-0.005632,0.171986916,0.261294
2018/12/5,-0.000860603,-0.012099,0.171126312,0.249195
2018/12/6,-0.002848906,-0.022591,0.168277406,0.226604
2018/12/7,0.001494746,0.008653,0.169772152,0.235257
2018/12/10,-0.000744202,-0.012237,0.169027951,0.22302
2018/12/11,0.000822701,0.003739,0.169850652,0.226759
2018/12/12,0.001311915,0.00959,0.171162567,0.236349
2018/12/13,0.000233027,0.005972,0.171395594,0.242321
2018/12/14,-0.000199235,-0.00684,0.171196359,0.235481
2018/12/17,-0.000198165,0.000569,0.170998193,0.23605
2018/12/18,-0.001530791,-0.007624,0.169467402,0.228426
2018/12/19,-0.000118626,0.004898,0.169348776,0.233324
2018/12/20,-0.001605931,-0.008879,0.167742845,0.224445
2018/12/21,0.000548464,-0.002499,0.168291309,0.221946
2018/12/22,0.003487825,-0.00172,0.171779134,0.220226
2018/12/24,0.000524163,0.000849,0.172303297,0.221075
2018/12/25,-0.002311996,-0.011788,0.169991302,0.209287
2018/12/26,-0.001317313,-0.005189,0.168673989,0.204098
2018/12/27,0.001357764,0.013971,0.170031752,0.218069
2018/12/28,0.001092209,0.008332,0.171123962,0.226401
2019/1/2,-0.000181249,-0.015566,0.170942713,0.210835
2019/1/3,-0.000419411,-0.003503,0.170523302,0.207332
2019/1/4,-0.000631404,-0.005827,0.169891898,0.201505
2019/1/7,0.002483027,0.021638,0.172374925,0.223143
2019/1/8,0.001278896,-0.001215,0.173653821,0.221928
2019/1/9,0.001132608,0.017502,0.174786429,0.23943
2019/1/10,0.000123686,-0.002777,0.174910115,0.236653
2019/1/11,-0.000597426,-0.000075,0.174312689,0.236578
2019/1/14,7.69882E-05,-0.004301,0.174389677,0.232277
2019/1/15,0.001623762,0.009748,0.176013439,0.242025
2019/1/16,0.000929744,-0.001493,0.176943183,0.240532
2019/1/17,-0.000189652,-0.000112,0.176753532,0.24042
2019/1/18,0.001731676,0.008145,0.178485207,0.248565
2019/1/21,0.001320252,0.003957,0.17980546,0.252522
2019/1/22,-0.00142148,-0.001526,0.17838398,0.250996
2019/1/23,0.000222837,-0.003327,0.178606817,0.247669
2019/1/24,0.001172824,0.001684,0.179779641,0.249353
2019/1/25,0.001620259,0.007765,0.1813999,0.257118
2019/1/28,0.001556553,0.002196,0.182956453,0.259314
2019/1/29,-0.000578422,-0.003118,0.182378031,0.256196
2019/1/30,0.001526702,0.001743,0.183904733,0.257939
2019/2/11,0.009988084,0.001354,0.193892817,0.259293
2019/2/12,0.003985251,0.009403,0.197878069,0.268696
2019/2/13,0.003045885,0.000197,0.200923953,0.268893
2019/2/14,0.002397064,0.002,0.203321017,0.270893
2019/2/15,-0.00451479,-0.002967,0.198806228,0.267926
2019/2/18,0.004029732,0.006695,0.20283596,0.274621
2019/2/19,0.002004999,0.00191,0.204840959,0.276531
2019/2/20,0.003459587,0.008835,0.208300546,0.285366
2019/2/21,0.001073807,0.003561,0.209374353,0.288927
2019/2/22,-0.00057314,0.000421,0.208801213,0.289348
2019/2/25,0.004248602,0.006624,0.213049815,0.295972
2019/2/26,-0.001039369,-0.001341,0.212010446,0.294631
2019/2/27,0.001060892,0.000331,0.213071338,0.294962
2019/3/4,0.004467958,-0.001024,0.217539296,0.293938
2019/3/5,-0.001674605,-0.0026,0.215864692,0.291338
2019/3/6,0.002673622,0.005268,0.218538313,0.296606
2019/3/7,-0.004119598,-0.005466,0.214418715,0.29114
2019/3/8,0.000516232,-0.004276,0.214934947,0.286864
2019/3/11,0.00295106,0.00051,0.217886007,0.287374
2019/3/12,0.002428362,0.006021,0.220314369,0.293395
2019/3/13,0.001726549,0.002014,0.222040918,0.295409
2019/3/14,0.002401563,-0.000342,0.224442481,0.295067
2019/3/15,0.00243714,0.006217,0.22687962,0.301284
2019/3/18,0.00316304,0.006677,0.230042661,0.307961
2019/3/19,0.000388308,0.000477,0.230430969,0.308438
2019/3/20,0.003261978,0.0032,0.233692947,0.311638
2019/3/21,0.00244463,0.003145,0.236137577,0.314783
2019/3/22,0.000585827,0.0004,0.236723404,0.315183
2019/3/25,-0.00531955,-0.011619,0.231403854,0.303564
2019/3/26,0.004800088,0.006934,0.236203942,0.310498
2019/3/27,0.002133028,0.000603,0.23833697,0.311101
2019/3/28,-0.000672437,-0.001217,0.237664533,0.309884
2019/3/29,0.003370025,0.008827,0.241034558,0.318711
2019/4/1,0.000760762,0.000116,0.24179532,0.318827
2019/4/2,0.00263974,0.005134,0.24443506,0.323961
2019/4/3,0.001991075,0.001095,0.246426135,0.325056
2019/4/8,0.007540113,0.004661,0.253966248,0.329717
2019/4/9,0.001357313,0.004892,0.255323561,0.334609
2019/4/10,0.001836898,0.0019,0.257160459,0.336509
2019/4/11,-0.001780523,-0.004883,0.255379936,0.331626
2019/4/12,-0.001817608,-0.000407,0.253562328,0.331219
2019/4/15,0.004809365,0.004625,0.258371692,0.335844
2019/4/16,0.002085241,0.00456,0.260456934,0.340404
2019/4/17,0.002253146,0.00347,0.26271008,0.343874
2019/4/18,-0.006776658,-0.006984,0.255933422,0.33689
2019/4/19,0.034252819,0.000874,0.290186241,0.337764
2019/4/22,-0.00048134,0.00078,0.289704901,0.338544
2019/4/23,-0.001068026,0.002319,0.288636875,0.340863
2019/4/24,-6.66596E-05,-0.000745,0.288570215,0.340118
2019/4/25,0.002154951,0.002889,0.290725166,0.343007
2019/4/26,-0.00397984,-0.002549,0.286745326,0.340458
2019/4/29,-0.003207953,-0.001041,0.283537373,0.339417
2019/4/30,0.001762207,0.003795,0.28529958,0.343212
2019/5/2,0.002247503,0.004179,0.287547083,0.347391
2019/5/3,0.002219457,0.004533,0.28976654,0.351924
2019/5/6,-0.006303278,-0.016672,0.283463263,0.335252
2019/5/7,0.002770061,0.00687,0.286233324,0.342122
2019/5/8,-0.000832723,-0.004765,0.285400601,0.337357
2019/5/9,-0.004470612,-0.01843,0.280929989,0.318927
2019/5/10,-0.001015112,-0.001912,0.279914877,0.317015
2019/5/13,-0.001774505,-0.012262,0.278140372,0.304753
2019/5/14,-0.000112114,-0.00254,0.278028258,0.302213
2019/5/15,0.042368147,0.004672,0.320396405,0.306885
2019/5/16,-0.000764457,-0.008259,0.319631948,0.298626
2019/5/17,-0.000855038,-0.005187,0.31877691,0.293439
2019/5/20,0.000315923,0.005396,0.319092833,0.298835
2019/5/21,0.001850244,0.012171,0.320943077,0.311006
2019/5/22,0.000473284,-0.004833,0.321416361,0.306173
2019/5/23,-0.000685735,-0.009397,0.320730626,0.296776
2019/5/24,0.000452682,-0.00069,0.321183308,0.296086
2019/5/27,0.001665572,0.002788,0.32284888,0.298874
2019/5/28,-0.000452143,-0.002336,0.322396738,0.296538
2019/5/29,3.92464E-05,-0.000101,0.322435984,0.296437
2019/5/30,0.001576021,0.008292,0.324012005,0.304729
2019/5/31,0.0011494,0.009136,0.325161404,0.313865
2019/6/3,-0.000230574,-0.002145,0.324930831,0.31172
2019/6/4,-0.000891539,-0.003311,0.324039292,0.308409
2019/6/5,0.000945089,0.001969,0.324984381,0.310378
2019/6/6,-0.000429152,-0.003067,0.324555229,0.307311
2019/6/10,0.001785907,0.010441,0.326341136,0.317752
2019/6/11,-0.000807331,0.000242,0.325533805,0.317994
2019/6/12,-0.00011843,-0.000733,0.325415375,0.317261
2019/6/13,0.000345715,-0.000168,0.32576109,0.317093
2019/6/14,0.000201603,-0.00018,0.325962694,0.316913
2019/6/17,0.000702752,0.003746,0.326665446,0.320659
2019/6/18,5.06086E-05,0.001934,0.326716054,0.322593
2019/6/19,0.001475626,0.015937,0.32819168,0.33853
2019/6/20,0.000889441,0.001816,0.329081122,0.340346
2019/6/21,-2.33835E-05,-0.00132,0.329057738,0.339026
2019/6/24,0.00182894,0.004823,0.330886678,0.343849
2019/6/25,-0.000878364,-0.005737,0.330008314,0.338112
2019/6/26,0.000101563,-0.000778,0.330109877,0.337334
2019/6/27,0.000982278,0.008292,0.331092155,0.345626
2019/6/28,-0.000370794,-0.003448,0.330721361,0.342178
2019/7/1,0.001513944,0.010408,0.332235306,0.352586
2019/7/2,0.001141464,-0.001468,0.333376769,0.351118
2019/7/3,-4.38321E-05,-0.005434,0.333332937,0.345684
2019/7/4,0.002506224,0.004585,0.335839161,0.350269
2019/7/5,0.001749896,0.0024,0.337589056,0.352669
2019/7/8,1.6603E-05,-0.001646,0.337605659,0.351023
2019/7/9,0.000340646,-0.003613,0.337946306,0.34741
2019/7/10,0.001459787,0.006476,0.339406093,0.353886
2019/7/11,0.000507749,0.003992,0.339913842,0.357878
2019/7/12,0.000713357,-0.002342,0.340627199,0.355536
2019/7/15,0.002821423,0.00334,0.343448622,0.358876
2019/7/16,0.000867497,0.001138,0.344316119,0.360014
2019/7/17,0.000123026,-0.002364,0.344439145,0.35765
2019/7/18,-0.000243006,-0.004803,0.344196139,0.352847
2019/7/19,0.002152024,0.00407,0.346348163,0.356917
2019/7/22,0.00202199,0.003997,0.348370153,0.360914
2019/7/23,-0.000784185,0.00072,0.347585968,0.361634
2019/7/24,0.00100988,-0.001709,0.348595848,0.359925
2019/7/25,0.001831043,0.005756,0.350426892,0.365681
2019/7/26,0.002614796,-0.001555,0.353041687,0.364126
2019/7/29,0.001466034,0.000048,0.354507722,0.364174
2019/7/30,-0.00550986,-0.005216,0.348997862,0.358958
2019/7/31,0.001288785,0.000771,0.350286647,0.359729
2019/8/1,-0.001445498,-0.006669,0.348841149,0.35306
2019/8/2,-0.00582125,-0.016255,0.343019899,0.336805
2019/8/5,-0.003659411,-0.00971,0.339360488,0.327095
2019/8/6,-0.000402515,-0.004887,0.338957973,0.322208
2019/8/7,0.001115902,-0.000258,0.340073875,0.32195
2019/8/8,0.002443036,0.007908,0.342516911,0.329858
2019/8/12,0.002210939,0.001821,0.344727851,0.331679
2019/8/13,-0.001050665,-0.007338,0.343677185,0.324341
2019/8/14,-0.022287141,0.005348,0.321390045,0.329689
2019/8/15,-1.76942E-05,-0.010415,0.32137235,0.319274
2019/8/16,0.000593366,0.009344,0.321965716,0.328618
2019/8/19,0.002328996,0.006187,0.324294712,0.334805
2019/8/20,0.000647403,0.001738,0.324942115,0.336543
2019/8/21,0.001560428,0.000577,0.326502542,0.33712
2019/8/22,0.001416867,0.00103,0.327919409,0.33815
2019/8/23,2.12404E-05,0.001292,0.327940649,0.339442
2019/8/26,-0.004167867,-0.015231,0.323772782,0.324211
2019/8/27,0.003053147,0.002585,0.326825929,0.326796
2019/8/28,0.002148296,0.00392,0.328974225,0.330716
2019/8/29,0.001418961,0.001789,0.330393186,0.332505
2019/8/30,0.001337161,0.013567,0.331730347,0.346072
2019/9/2,0.002571911,0.003666,0.334302257,0.349738
2019/9/3,0.000109725,-0.005448,0.334411983,0.34429
2019/9/4,0.002106444,0.008243,0.336518427,0.352533
2019/9/5,0.000268224,0.006407,0.336786651,0.35894
2019/9/6,7.73906E-05,0.002322,0.336864041,0.361262
2019/9/9,-0.000322221,0.000824,0.33654182,0.362086
2019/9/10,-0.000952472,-0.002165,0.335589348,0.359921
2019/9/11,0.000854666,0.002752,0.336444014,0.362673
2019/9/12,0.001329442,0.004904,0.337773457,0.367577
2019/9/16,5.46911E-05,0.005556,0.337828148,0.373133
2019/9/17,0.000407067,-0.002208,0.338235215,0.370925
2019/9/18,0.001317415,0.004346,0.339552629,0.375271
2019/9/19,0.000417991,-0.001983,0.339970621,0.373288
2019/9/20,0.00104552,0.005038,0.341016141,0.378326
2019/9/23,0.001331132,-0.001232,0.342347273,0.377094
2019/9/24,-0.000218281,-0.00115,0.342128992,0.375944
2019/9/25,-0.000971,-0.006176,0.341157991,0.369768
2019/9/26,-0.00053831,-0.002223,0.340619682,0.367545
2019/9/27,-0.00358613,-0.008992,0.337033552,0.358553
2019/10/1,0.001748423,0.00803,0.338781976,0.366583
2019/10/2,0.00060702,-0.001846,0.339388996,0.364737
2019/10/3,-3.75673E-05,-0.005392,0.339351429,0.359345
2019/10/4,-0.000436784,0.002341,0.338914644,0.361686
2019/10/7,0.000844754,0.003161,0.339759399,0.364847
2019/10/8,-0.000370629,0.000934,0.33938877,0.365781
2019/10/9,-0.001115333,-0.010272,0.338273437,0.355509
2019/10/14,0.002360278,0.01259,0.340633715,0.368099
2019/10/15,0.000753993,0.001711,0.341387707,0.36981
2019/10/16,0.001069638,0.002965,0.342457346,0.372775
2019/10/17,0.001998077,0.005783,0.344455423,0.378558
2019/10/18,9.69493E-05,-0.000319,0.344552372,0.378239
2019/10/21,0.001744533,0.003493,0.346296906,0.381732
2019/10/22,0.000970036,0.006062,0.347266942,0.387794
2019/10/23,-0.000490281,-0.00269,0.346776661,0.385104
2019/10/24,0.0024879,0.009248,0.349264561,0.394352
2019/10/25,-0.000214151,-0.003195,0.349050409,0.391157
2019/10/28,0.001561281,0.001178,0.35061169,0.392335
2019/10/29,-0.001938705,-0.0018,0.348672986,0.390535
2019/10/30,0.002198178,0.004314,0.350871164,0.394849
2019/10/31,-0.001364453,-0.001456,0.349506712,0.393393
2019/11/1,0.001394961,0.004129,0.350901672,0.397522
2019/11/4,0.002704003,0.010021,0.353605675,0.407543
2019/11/5,0.001012897,0.00636,0.354618572,0.413903
2019/11/6,-0.000259058,0.000505,0.354359514,0.414408
2019/11/7,-0.001697721,-0.003235,0.352661793,0.411173
2019/11/8,0.000579531,0.000381,0.353241324,0.411554
2019/11/11,-0.004923416,-0.012658,0.348317908,0.398896
2019/11/12,0.003007535,0.006606,0.351325443,0.405502
2019/11/13,-0.000427012,-0.005052,0.350898431,0.40045
2019/11/14,-0.000678033,-0.001469,0.350220399,0.398981
2019/11/15,0.001751254,0.005106,0.351971652,0.404087
2019/11/18,0.001372475,0.004477,0.353344127,0.408564
2019/11/19,0.000230466,0.002444,0.353574593,0.411008
2019/11/20,-0.000249601,-0.001338,0.353324993,0.40967
2019/11/21,-7.9824E-05,-0.005698,0.353245169,0.403972
2019/11/22,0.000963496,0.002936,0.354208664,0.406908
2019/11/25,0.00073451,0.00135,0.354943174,0.408258
2019/11/26,0.000959621,0.001658,0.355902795,0.409916
2019/11/27,0.000989946,0.004029,0.356892741,0.413945
2019/11/28,-0.000345962,-0.001926,0.35654678,0.412019
2019/11/29,-0.002840219,-0.009883,0.353706561,0.402136
2019/12/2,-0.001340191,-0.00094,0.35236637,0.401196
2019/12/3,0.002191615,0.003693,0.354557985,0.404889
2019/12/4,-0.000144244,-0.001385,0.354413741,0.403504
2019/12/5,0.001892827,0.003616,0.356306568,0.40712
2019/12/6,0.000283866,0.000699,0.356590434,0.407819
2019/12/9,0.000929805,0.002798,0.357520239,0.410617
2019/12/10,0.000534654,-0.001267,0.358054893,0.40935
2019/12/11,0.000997418,0.002855,0.359052311,0.412205
2019/12/12,0.000449147,0.003118,0.359501458,0.415323
2019/12/13,-0.000888875,0.002893,0.358612583,0.418216
2019/12/16,0.001820341,0.004239,0.360432925,0.422455
2019/12/17,0.001897079,0.008769,0.362330004,0.431224
2019/12/18,0.001361279,0.003252,0.363691283,0.434476
2019/12/19,-8.3873E-05,-0.002345,0.36360741,0.432131
2019/12/20,-0.00032869,-0.000657,0.363278719,0.431474
2019/12/23,0.000964598,0.002371,0.364243317,0.433845
2019/12/24,0.000259675,-0.003167,0.364502992,0.430678
2019/12/25,0.001615948,0.002489,0.36611894,0.433167
2019/12/26,0.000632816,-0.000806,0.366751755,0.432361
2019/12/27,0.001438297,0.005157,0.368190052,0.437518
2019/12/30,0.000612483,-0.00084,0.368802535,0.436678
2019/12/31,0.000413517,-0.002839,0.369216053,0.433839
2020/1/2,0.003278114,0.003725,0.372494167,0.437564
2020/1/3,-0.002749111,0.000656,0.369745056,0.43822
2020/1/6,-0.004047757,-0.010135,0.365697298,0.428085
2020/1/7,-0.00178289,-0.005664,0.363914409,0.422421
2020/1/8,-0.002286477,-0.007012,0.361627932,0.415409
2020/1/9,0.002395629,0.009444,0.364023561,0.424853
2020/1/10,0.00111195,0.004056,0.365135511,0.428909
2020/1/13,0.002329819,0.007849,0.36746533,0.436758
2020/1/14,0.001156916,0.002978,0.368622246,0.439736
2020/1/15,-0.000236463,-0.003943,0.368385782,0.435793
2020/1/16,0.001884627,0.002485,0.370270409,0.438278
2020/1/17,0.001466634,0.003957,0.371737043,0.442235
2020/1/20,0.002616761,0.003051,0.374353804,0.445286
2020/1/30,-0.022914869,-0.060074,0.351438936,0.385212
2020/1/31,0.001777457,0.004932,0.353216393,0.390144
2020/2/3,-0.001584559,-0.011155,0.351631835,0.378989
2020/2/4,0.000492628,0.013314,0.352124463,0.392303
2020/2/5,-0.000134264,-0.000454,0.351990198,0.391849
2020/2/6,0.001014585,0.015172,0.353004783,0.407021
2020/2/7,-0.000567338,-0.011046,0.352437445,0.395975
2020/2/10,-0.000135698,-0.003932,0.352301748,0.392043
2020/2/11,0.000860855,0.006332,0.353162603,0.398375
2020/2/12,0.000539221,0.00906,0.353701823,0.407435
2020/2/13,0.000278023,0.001931,0.353979847,0.409366
2020/2/14,0.00173941,0.002672,0.355719257,0.412038
2020/2/17,0.000552232,-0.002486,0.356271489,0.409552
2020/2/18,-0.000257437,-0.003631,0.356014051,0.405921
2020/2/19,0.000786988,0.008022,0.356801039,0.413943
2020/2/20,0.000788687,-0.002811,0.357589725,0.411132
2020/2/21,-5.41206E-06,-0.003849,0.357584313,0.407283
2020/2/24,-0.000813734,-0.012193,0.35677058,0.39509
2020/2/25,-0.000387783,-0.00136,0.356382796,0.39373
2020/2/26,-0.000246825,-0.008733,0.356135971,0.384997
2020/2/27,-0.001739079,-0.013764,0.354396892,0.371233
2020/3/2,-0.000169027,-0.009217,0.354227864,0.362016
2020/3/3,0.000741363,0.011901,0.354969228,0.373917
2020/3/4,0.000336032,0.004533,0.355305259,0.37845
2020/3/5,0.001045312,0.011646,0.356350572,0.390096
2020/3/6,0.000321299,-0.014201,0.356671871,0.375895
2020/3/9,-0.00290936,-0.030428,0.35376251,0.345467
2020/3/10,-0.00043541,0.001493,0.353327101,0.34696
2020/3/11,-0.000312839,-0.008004,0.353014261,0.338956
2020/3/12,-0.00273314,-0.04852,0.350281122,0.290436
2020/3/13,-0.001108626,-0.032938,0.349172496,0.257498
2020/3/16,-0.000117395,-0.038521,0.349055101,0.218977
2020/3/17,-0.000204963,-0.028063,0.348850138,0.190914
2020/3/18,5.38873E-05,-0.021354,0.348904026,0.16956
2020/3/19,-0.000193617,-0.062091,0.348710409,0.107469
2020/3/20,3.52032E-05,0.055149,0.348745612,0.162618
2020/3/23,-1.29207E-05,-0.030741,0.348732691,0.131877
2020/3/24,6.42095E-05,0.043298,0.3487969,0.175175
2020/3/25,3.73891E-05,0.03967,0.34883429,0.214845
2020/3/26,8.27188E-05,0.009032,0.348917008,0.223877
2020/3/27,-3.99722E-05,0.003212,0.348877036,0.227089
2020/3/30,6.6458E-05,-0.003074,0.348943494,0.224015
2020/3/31,2.81902E-05,0.003099,0.348971685,0.227114
2020/4/1,0.000134765,-0.003143,0.34910645,0.223971
2020/4/6,0.000115459,0.016407,0.349221909,0.240378
2020/4/7,0.000135903,0.0152,0.349357812,0.255578
2020/4/8,3.22158E-05,0.016521,0.349390028,0.272099
2020/4/9,2.51742E-07,0.000406,0.34939028,0.272505
2020/4/10,-6.54099E-06,0.008848,0.349383739,0.281353
2020/4/13,0.000115007,-0.006468,0.349498746,0.274885
2020/4/14,9.27634E-05,0.023088,0.349591509,0.297973
2020/4/15,2.47739E-05,0.011808,0.349616283,0.309781
2020/4/16,-1.17049E-05,-0.007909,0.349604578,0.301872
2020/4/17,3.22028E-06,0.006193,0.349607799,0.308065
2020/4/20,0.000216622,0.001428,0.34982442,0.309493
2020/4/21,-0.00025989,-0.027709,0.349564531,0.281784
2020/4/22,0.000214696,0.003741,0.349779226,0.285525
2020/4/23,0.000166261,0.006025,0.349945488,0.29155
2020/4/24,0.000227571,-0.000657,0.350173059,0.290893
2020/4/27,0.000421146,0.023701,0.350594205,0.314594
2020/4/28,0.000191274,0.00777,0.350785479,0.322364
2020/4/29,0.000430448,0.016761,0.351215927,0.339125
2020/4/30,0.000641891,0.020924,0.351857818,0.360049
2020/5/4,-0.000409362,-0.022618,0.351448456,0.337431
2020/5/5,0.000840283,0.006077,0.352288739,0.343508
2020/5/6,0.000553165,-0.000457,0.352841904,0.343051
2020/5/7,0.001271611,0.00669,0.354113515,0.349741
2020/5/8,-0.000286546,0.006998,0.353826969,0.356739
2020/5/11,0.001720199,0.009817,0.355547168,0.366556
2020/5/12,-0.000582922,-0.009754,0.354964245,0.356802
2020/5/13,0.001032276,0.005041,0.355996522,0.361843
2020/5/14,-0.002291683,-0.014661,0.353704839,0.347182
2020/5/15,0.000488072,-0.001061,0.354192911,0.346121
2020/5/18,0.000117353,-0.0006,0.354310264,0.345521
2020/5/19,0.00099667,0.012985,0.355306934,0.358506
2020/5/20,0.000134485,0.003172,0.355441419,0.361678
2020/5/21,0.001475042,0.008488,0.356916461,0.370166
2020/5/22,-0.002585891,-0.017713,0.35433057,0.352453
2020/5/25,0.003385883,0.007421,0.357716453,0.359874
2020/5/26,0.00241772,0.011534,0.360134173,0.371408
2020/5/27,0.001127007,0.001136,0.36126118,0.372544
2020/5/28,-0.002335619,-0.005792,0.358925562,0.366752
2020/5/29,0.001395721,0.001694,0.360321283,0.368446
2020/6/1,0.005825096,0.012722,0.366146378,0.381168
2020/6/2,0.00223722,0.004684,0.368383598,0.385852
2020/6/3,0.005987725,0.017841,0.374371324,0.403693
2020/6/4,0.002885678,0.003442,0.377257001,0.407135
2020/6/5,0.005485941,0.004452,0.382742943,0.411587
2020/6/8,0.003780832,0.008494,0.386523774,0.420081
2020/6/9,-4.53294E-05,0.002071,0.386478445,0.422152
2020/6/10,0.000820646,0.006011,0.387299091,0.428163
2020/6/11,-0.013786455,-0.018263,0.373512636,0.4099
2020/6/12,-0.003012665,-0.007543,0.370499971,0.402357
2020/6/15,0.001092859,-0.007621,0.37159283,0.394736
2020/6/16,0.00616606,0.018438,0.377758891,0.413174
2020/6/17,0.00386754,0.003727,0.38162643,0.416901
2020/6/18,0.003833449,0.00206,0.385459879,0.418961
2020/6/19,0.000921535,0.000162,0.386381415,0.419123
2020/6/22,0.002053629,0.005243,0.388435043,0.424366
2020/6/23,-0.001182437,0.002261,0.387252606,0.426627
2020/6/24,0.000437647,0.003436,0.387690254,0.430063
2020/6/29,-0.004104691,-0.007473,0.383585562,0.42259
2020/6/30,0.005140362,0.00839,0.388725924,0.43098
2020/7/1,0.003704836,0.007699,0.392430761,0.438679
2020/7/2,0.006496541,0.010241,0.398927302,0.44892
2020/7/3,0.003580013,0.004589,0.402507314,0.453509
2020/7/6,0.011513976,0.015981,0.41402129,0.46949
2020/7/7,-0.001577835,-0.001757,0.412443455,0.467733
2020/7/8,0.00891873,0.006687,0.421362185,0.47442
2020/7/9,0.004377215,-0.00071,0.4257394,0.47371
2020/7/10,-0.010274625,-0.016017,0.415464774,0.457693
2020/7/13,0.008640144,0.010958,0.424104918,0.468651
2020/7/14,-0.00336635,-0.007803,0.420738569,0.460848
2020/7/15,0.000482459,0.000917,0.421221028,0.461765
2020/7/16,0.002559235,0.001386,0.423780263,0.463151
2020/7/17,-0.005225307,-0.005409,0.418554956,0.457742
2020/7/20,0.000443095,0.000281,0.418998051,0.458023
2020/7/21,0.048355749,0.008615,0.4673538,0.466638
2020/7/22,0.002829632,0.007506,0.470183432,0.474144
2020/7/23,0.000390135,-0.000855,0.470573568,0.473289
2020/7/24,-0.007074944,-0.015659,0.463498624,0.45763
2020/7/27,-0.003819306,-0.004833,0.459679318,0.452797
2020/7/28,-0.003199192,-0.009724,0.456480126,0.443073
2020/7/29,0.002452517,0.007639,0.458932643,0.450712
2020/7/30,0.002404816,0.009331,0.46133746,0.460043
2020/7/31,0.001319443,0.002107,0.462656903,0.46215
2020/8/3,-7.22423E-05,-0.007113,0.462584661,0.455037
2020/8/4,0.002007641,0.013075,0.464592302,0.468112
2020/8/5,0.001967888,0.007446,0.46656019,0.475558
2020/8/6,0.00066338,0.00713,0.46722357,0.482688
2020/8/7,0.000176459,-0.006911,0.467400028,0.475777
2020/8/10,0.001599287,0.004787,0.468999316,0.480564
2020/8/11,-0.001794012,-0.005502,0.467205304,0.475062
2020/8/12,0.000314915,-0.001281,0.467520219,0.473781
2020/8/13,0.001364226,0.002321,0.468884445,0.476102
2020/8/14,0.002137616,0.005604,0.471022061,0.481706
2020/8/17,0.005096824,0.010047,0.476118885,0.491753
2020/8/18,0.00072065,-0.007109,0.476839535,0.484644
2020/8/19,-8.93257E-05,-0.005032,0.47675021,0.479612
2020/8/20,-0.01207876,-0.033844,0.46467145,0.445768
2020/8/21,0.0037855,0.018665,0.46845695,0.464433
2020/8/24,0.001296151,0.001234,0.4697531,0.465667
2020/8/25,0.002048738,0.006391,0.471801838,0.472058
2020/8/26,0.001627326,0.001318,0.473429164,0.473376
2020/8/27,0.000473147,-0.005642,0.473902311,0.467734
2020/8/28,0.001272956,0.001232,0.475175267,0.468966
2020/8/31,0.002252597,-0.007073,0.477427864,0.461893
2020/9/1,0.000405343,0.004431,0.477833208,0.466324
2020/9/2,0.001766067,0.001542,0.479599275,0.467866
2020/9/3,0.001991195,0.004012,0.48159047,0.471878
2020/9/4,0.000226442,-0.006617,0.481816912,0.465261
2020/9/7,0.001964321,-0.001046,0.483781233,0.464215
2020/9/8,-0.001274066,0.00253,0.482507167,0.466745
2020/9/9,0.000943486,-0.002239,0.483450653,0.464506
2020/9/10,0.000309526,0.001632,0.483760179,0.466138
2020/9/11,-0.002984921,-0.0033,0.480775258,0.462838
2020/9/14,0.001913388,0.008173,0.482688647,0.471011
2020/9/15,0.000687451,0.002622,0.483376098,0.473633
2020/9/16,0.000641552,0.002215,0.48401765,0.475848
2020/9/17,-0.000475259,-0.002432,0.483542391,0.473416
2020/9/18,0.002757487,0.00462,0.486299878,0.478036
2020/9/21,5.68233E-05,-0.005103,0.486356702,0.472933
2020/9/22,-0.003853592,-0.013735,0.482503109,0.459198
2020/9/23,-0.001595163,-0.003488,0.480907947,0.45571
2020/9/24,-0.005157188,-0.025801,0.475750759,0.429909
2020/9/25,-0.001586124,-0.004606,0.474164635,0.425303
2020/9/28,0.001310758,0.019275,0.475475393,0.444578
2020/9/29,0.00049777,0.001058,0.475973163,0.445636
2020/9/30,0.000327597,0.003542,0.47630076,0.449178
2020/10/5,0.000769902,0.004191,0.477070661,0.453369
2020/10/6,0.000956113,0.010798,0.478026774,0.464167
2020/10/7,0.0003178,0.001385,0.478344574,0.465552
2020/10/8,0.00061573,0.006098,0.478960304,0.47165
2020/10/12,-0.000313214,0.000875,0.47864709,0.472525
2020/10/13,-7.40217E-05,-0.002891,0.478573068,0.469634
2020/10/14,0.001516878,-0.000153,0.480089946,0.469481
2020/10/15,-3.16671E-05,-0.00448,0.480058279,0.465001
2020/10/16,-0.001081836,-0.004814,0.478976443,0.460187
2020/10/19,0.002309916,0.00952,0.481286358,0.469707
2020/10/20,-0.000313302,0.001098,0.480973056,0.470805
2020/10/21,0.000437661,-0.000235,0.481410717,0.47057
2020/10/22,0.000401755,0.002494,0.481812473,0.473064
2020/10/23,0.000757468,0.000725,0.482569941,0.473789
2020/10/26,8.4805E-05,0.00308,0.482654746,0.476869
2020/10/27,3.22072E-05,-0.000915,0.482686953,0.475954
2020/10/28,-0.001558916,-0.006195,0.481128037,0.469759
2020/10/29,-0.000720556,-0.007851,0.480407481,0.461908
2020/10/30,-0.00151156,-0.008263,0.478895921,0.453645
2020/11/2,-2.90661E-05,0.001664,0.478866855,0.455309
2020/11/3,0.001938824,0.010969,0.48080568,0.466278
2020/11/4,0.001332409,0.006098,0.482138089,0.472376
2020/11/5,0.000400298,0.004616,0.482538386,0.476992
2020/11/6,0.00079418,0.004639,0.483332567,0.481631
2020/11/9,0.002864261,0.011309,0.486196828,0.49294
2020/11/10,-0.001206151,0.002086,0.484990677,0.495026
2020/11/11,0.003002266,0.013909,0.487992943,0.508935
2020/11/12,-0.001779272,-0.005283,0.486213671,0.503652
2020/11/13,0.001654941,0.001808,0.487868612,0.50546
2020/11/16,0.002922198,0.009604,0.49079081,0.515064
2020/11/17,0.002030079,0.002981,0.492820889,0.518045
2020/11/18,-0.001981854,0.008634,0.490839035,0.526679
2020/11/19,0.001128182,0.000948,0.491967217,0.527627
2020/11/20,0.001044277,0.001185,0.493011494,0.528812
2020/11/23,0.003988625,0.009295,0.497000119,0.538107
2020/11/24,-0.000466431,-0.003328,0.496533688,0.534779
2020/11/25,0.001640065,-0.002592,0.498173754,0.532187
2020/11/26,0.004244035,0.009321,0.502417789,0.541508
2020/11/27,0.003630562,0.002183,0.506048351,0.543691
2020/11/30,0.003359287,-0.007327,0.509407638,0.536364
2020/12/1,0.001990942,0.008355,0.51139858,0.544719
2020/12/2,0.001220792,0.002678,0.512619372,0.547397
2020/12/3,-0.000652996,0.000586,0.511966376,0.547983
2020/12/4,0.002915915,0.01073,0.514882292,0.558713
2020/12/7,0.00058798,0.002998,0.515470272,0.561711
2020/12/8,0.000103722,0.001814,0.515573995,0.563525
2020/12/9,0.003455578,0.006456,0.519029573,0.569981
2020/12/10,-0.002679272,-0.00726,0.516350301,0.562721
2020/12/11,-0.003728734,-0.002341,0.512621567,0.56038
2020/12/14,0.002394386,0.001876,0.515015952,0.562256
2020/12/15,-0.005083738,-0.011009,0.509932214,0.551247
2020/12/16,0.004758802,0.017153,0.514691017,0.5684
2020/12/17,-0.000154546,-0.001111,0.514536471,0.567289
2020/12/18,-0.000169953,-0.00256,0.514366518,0.564729
2020/12/21,0.003740963,0.008512,0.518107481,0.573241
2020/12/22,-0.005741746,-0.014853,0.512365735,0.558388
2020/12/23,0.001825335,0.004685,0.514191069,0.563073
2020/12/24,0.002747679,0.004954,0.516938748,0.568027
2020/12/25,0.002081593,0.004373,0.519020341,0.5724
2020/12/28,0.003960738,0.01186,0.522981079,0.58426
2020/12/29,0.000274882,-0.001032,0.52325596,0.583228
2020/12/30,0.002095099,0.012823,0.52535106,0.596051
2020/12/31,0.000592257,0.000234,0.525943317,0.596285
2021/1/4,0.004471182,0.011536,0.530414498,0.607821
2021/1/5,0.000799815,0.004445,0.531214314,0.612266
2021/1/6,-0.007279315,-0.007725,0.523934998,0.604541
2021/1/7,0.003592607,0.008958,0.527527605,0.613499
2021/1/8,0.001031847,0.01169,0.528559453,0.625189
2021/1/11,0.002840356,0.005672,0.531399809,0.630861
2021/1/12,-0.005629725,-0.011162,0.525770083,0.619699
2021/1/13,0.003378696,0.01417,0.52914878,0.633869
2021/1/14,0.001277839,0.004689,0.530426619,0.638558
2021/1/15,-0.004605975,-0.015899,0.525820644,0.622659
2021/1/18,-0.000568184,-0.005336,0.525252459,0.617323
2021/1/19,0.000764015,0.008882,0.526016474,0.626205
2021/1/20,-0.006676053,-0.023284,0.519340421,0.602921
2021/1/21,0.000842466,0.012102,0.520182887,0.615023
2021/1/22,0.000854526,0.00697,0.521037413,0.621993
2021/1/25,0.00014407,0.006176,0.521181483,0.628169
2021/1/26,-0.001161879,-0.014313,0.520019605,0.613856
2021/1/27,0.000662632,0.005713,0.520682236,0.619569
2021/1/28,-0.001262347,-0.015854,0.51941989,0.603715
2021/1/29,-0.001908176,-0.01867,0.517511714,0.585045
2021/2/1,-0.000306016,0.009862,0.517205698,0.594907
2021/2/2,0.000505055,0.016749,0.517710753,0.611656
2021/2/3,0.000471056,0.002721,0.518181809,0.614377
2021/2/4,0.000116214,-0.003752,0.518298022,0.610625
2021/2/5,0.000471027,0.005151,0.51876905,0.615776
2021/2/17,0.003355896,0.028339,0.522124946,0.644115
2021/2/18,0.002947487,0.008272,0.525072433,0.652387
2021/2/19,0.00273927,-0.001386,0.527811703,0.651001
2021/2/22,0.004373224,0.008116,0.532184927,0.659117
2021/2/23,0.001868772,0.010105,0.534053699,0.669222
2021/2/24,-0.000880495,-0.008551,0.533173204,0.660671
2021/2/25,0.002577141,0.014196,0.535750345,0.674867
2021/2/26,-0.001125024,-0.02276,0.534625321,0.652107
2021/3/2,2.03096E-05,-0.003117,0.53464563,0.64899
2021/3/3,0.001711373,0.014297,0.536357003,0.663287
2021/3/4,0.000470947,-0.011554,0.53682795,0.651733
2021/3/5,0.001131339,-0.004759,0.53795929,0.646974
2021/3/8,0.000973266,-0.000879,0.538932556,0.646095
2021/3/9,0.001200879,0.005518,0.540133435,0.651613
2021/3/10,0.000855404,0.00384,0.540988839,0.655453
2021/3/11,-0.000135366,0.015265,0.540853473,0.670718
2021/3/12,0.000462796,0.003023,0.541316269,0.673741
2021/3/15,0.004785828,0.001851,0.546102096,0.675592
2021/3/16,0.001178403,0.004127,0.547280499,0.679719
2021/3/17,0.000440416,-0.001768,0.547720915,0.677951
2021/3/18,0.003657425,0.008087,0.55137834,0.686038
2021/3/19,0.001432384,-0.010972,0.552810724,0.675066
2021/3/22,0.004553718,0.009331,0.557364442,0.684397
2021/3/23,-0.00264514,-0.001904,0.554719301,0.682493
2021/3/24,0.001206959,0.000818,0.55592626,0.683311
2021/3/25,-0.000301471,0.003271,0.55562479,0.686582
2021/3/26,0.002911556,0.010555,0.558536346,0.697137
2021/3/29,0.000104079,0.008295,0.558640425,0.705432
2021/3/30,0.00327625,0.008437,0.561916675,0.713869
2021/3/31,0.001448782,-0.003123,0.563365457,0.710746
2021/4/1,0.002914783,0.001089,0.566280241,0.711835
2021/4/6,0.005863588,0.008854,0.572143828,0.720689
2021/4/7,0.007224194,0.00669,0.579368022,0.727379
2021/4/8,0.006554771,0.007485,0.585922793,0.734864
2021/4/9,0.000282743,-0.004032,0.586205536,0.730832
2021/4/12,0.00676528,0.004292,0.592970816,0.735124
2021/4/13,-0.006248526,-0.003033,0.58672229,0.732091
2021/4/14,-0.003222485,-0.001661,0.583499805,0.73043
2021/4/15,0.005878417,0.012958,0.589378222,0.743388
2021/4/16,0.006187904,0.013681,0.595566126,0.757069
2021/4/19,0.009468086,0.01391,0.605034212,0.770979
2021/4/20,0.00174571,0.005783,0.606779922,0.776762
2021/4/21,0.003251137,-0.002734,0.610031059,0.774028
2021/4/22,-0.0062138,-0.007914,0.603817259,0.766114
2021/4/23,0.001482625,0.00926,0.605299884,0.775374
2021/4/26,0.004742603,0.016967,0.610042487,0.792341
2021/4/27,0.001464056,0.002106,0.611506542,0.794447
2021/4/28,0.00269749,0.003361,0.614204032,0.797808
2021/4/29,-0.001645174,0.001406,0.612558858,0.799214
2021/5/3,-0.008413634,-0.019177,0.604145225,0.780037
2021/5/4,-0.009056155,-0.025923,0.59508907,0.754114
2021/5/5,0.000364393,-0.003029,0.595453463,0.751085
2021/5/6,0.000244145,0.0111,0.595697608,0.762185
2021/5/7,0.001589169,0.015958,0.597286777,0.778143
2021/5/10,0.000985302,0.003282,0.59827208,0.781425
2021/5/11,-0.004272102,-0.040837,0.593999978,0.740588
2021/5/12,-0.006634332,-0.050317,0.587365645,0.690271
2021/5/13,0.000257199,-0.0112,0.587622844,0.679071
2021/5/14,-0.000445994,0.006319,0.587176851,0.68539
2021/5/17,-0.0002429,-0.036819,0.586933951,0.648571
2021/5/18,0.000194181,0.055926,0.587128132,0.704497
2021/5/19,-9.30522E-06,0.003001,0.587118827,0.707498
2021/5/20,3.63841E-05,-0.007932,0.587155211,0.699566
2021/5/21,0.000140197,0.018803,0.587295408,0.718369
2021/5/24,0.000128103,0.00697,0.587423511,0.725339
2021/5/25,-0.000133148,0.011148,0.587290363,0.736487
2021/5/26,0.000125497,0.002886,0.58741586,0.739373
2021/5/27,-1.55959E-06,-0.001134,0.587414301,0.738239
2021/5/28,0.000209439,0.017364,0.58762374,0.755603
2021/5/31,-4.3302E-05,0.011457,0.587580438,0.76706
2021/6/1,0.000270342,0.007497,0.58785078,0.774557
2021/6/2,0.000249257,0.002293,0.588100037,0.77685
2021/6/3,0.000653866,0.006169,0.588753903,0.783019
2021/6/4,-0.000351295,-0.00736,0.588402608,0.775659
2021/6/7,0.000305828,-0.003325,0.588708436,0.772334
2021/6/8,-0.000513497,0.001756,0.588194939,0.77409
2021/6/9,-0.000557442,-0.006808,0.587637498,0.767282
2021/6/10,0.000210044,0.00687,0.587847542,0.774152
2021/6/11,1.26975E-05,0.002481,0.587860239,0.776633
2021/6/15,0.000468256,0.008311,0.588328495,0.784944
2021/6/16,-7.78707E-06,-0.002372,0.588320708,0.782572
2021/6/17,0.000290029,0.00642,0.588610738,0.788992
2021/6/18,8.39868E-05,-0.003473,0.588694725,0.785519
2021/6/21,-0.000338288,-0.006714,0.588356437,0.778805
2021/6/22,0.000615981,0.004531,0.588972418,0.783336
2021/6/23,9.77788E-05,0.009299,0.589070197,0.792635
2021/6/24,0.000605285,0.009533,0.589675482,0.802168
2021/6/25,0.000574235,0.007058,0.590249717,0.809226
2021/6/28,0.002479864,0.008074,0.592729581,0.8173
2021/6/29,0.000372865,-0.002516,0.593102446,0.814784
2021/6/30,0.002172378,0.013371,0.595274824,0.828155
2021/7/1,-0.00109156,-0.001576,0.594183264,0.826579
2021/7/2,9.23924E-05,0.00295,0.594275657,0.829529
2021/7/5,0.00229658,0.014611,0.596572237,0.84414
2021/7/6,-6.86808E-05,0.000618,0.596503556,0.844758
2021/7/7,0.000954876,-0.00625,0.597458433,0.838508
2021/7/8,0.001041332,0.005649,0.598499765,0.844157
2021/7/9,1.95432E-05,-0.012861,0.598519308,0.831296
2021/7/12,0.002544979,0.005993,0.601064287,0.837289
2021/7/13,-0.000960072,-0.006831,0.600104215,0.830458
2021/7/14,-0.000449979,-0.004366,0.599654237,0.826092
2021/7/15,0.001954217,0.014752,0.601608454,0.840844
2021/7/16,0.001316789,0.005922,0.602925242,0.846766
2021/7/19,0.001680759,-0.003349,0.604606002,0.843417
2021/7/20,-0.003132422,-0.019288,0.601473579,0.824129
2021/7/21,0.000630326,-0.008269,0.602103906,0.81586
2021/7/22,0.001708725,0.007303,0.603812631,0.823163
2021/7/23,0.001512885,0.004973,0.605325516,0.828136
2021/7/26,0.002348121,-0.00782,0.607673637,0.820316
2021/7/27,-0.002905637,-0.010171,0.604768,0.810145
2021/7/28,-0.003797491,-0.0095,0.600970509,0.800645
2021/7/29,0.002305799,0.019558,0.603276308,0.820203
2021/7/30,-0.000561281,-0.009686,0.602715027,0.810517
2021/8/2,0.001653459,0.014804,0.604368486,0.825321
2021/8/3,0.000620945,0.001777,0.604989431,0.827098
2021/8/4,0.000670503,0.004436,0.605659934,0.831534
2021/8/5,0.00045321,-0.000687,0.606113144,0.830847
2021/8/6,-7.19232E-05,-0.002602,0.606041221,0.828245
2021/8/9,-0.00253713,-0.005617,0.603504091,0.822628
2021/8/10,-0.002018603,-0.009616,0.601485488,0.813012
2021/8/11,-0.002140577,-0.006627,0.599344912,0.806385
2021/8/12,0.001325724,0.003794,0.600670636,0.810179
2021/8/13,-0.001791196,-0.015688,0.59887944,0.794491
2021/8/16,-0.002178618,-0.011429,0.596700822,0.783062
2021/8/17,-0.000592961,-0.013291,0.596107861,0.769771
2021/8/18,0.000551824,0.018927,0.596659685,0.788698
2021/8/19,-0.001639426,-0.026937,0.595020259,0.761761
2021/8/20,8.63954E-05,0.002515,0.595106654,0.764276
2021/8/23,0.001446906,0.025108,0.59655356,0.789384
2021/8/24,0.000692516,0.002311,0.597246076,0.791695
2021/8/25,0.001312274,0.010828,0.59855835,0.802523
2021/8/26,0.000634403,-0.003745,0.599192753,0.798778
2021/8/27,0.000731475,0.00838,0.599924229,0.807158
2021/8/30,0.001547209,0.011453,0.601471437,0.818611
2021/8/31,0.000631107,0.002236,0.602102545,0.820847
2021/9/1,0.000106534,-0.000681,0.602209079,0.820166
2021/9/2,-0.000764734,-0.008275,0.601444345,0.811891
2021/9/3,0.001212888,0.007121,0.602657233,0.819012
2021/9/6,-0.000966338,-0.008112,0.601690895,0.8109
2021/9/7,-0.000534304,0.000673,0.601156591,0.811573
2021/9/8,-0.001194091,-0.009909,0.5999625,0.801664
2021/9/9,0.000696026,0.003246,0.600658526,0.80491
2021/9/10,0.001145129,0.012117,0.601803656,0.817027
2021/9/13,0.001659978,0.003025,0.603463634,0.820052
2021/9/14,0.00050736,0.000417,0.603970993,0.820469
2021/9/15,-5.85927E-05,-0.002293,0.603912401,0.818176
2021/9/16,0.000413885,-0.001153,0.604326286,0.817023
2021/9/17,0.000117221,-0.000129,0.604443506,0.816894
2021/9/22,-0.002074075,-0.018955,0.602369432,0.797939
2021/9/23,0.001686879,0.011365,0.60405631,0.809304
2021/9/24,0.000876339,0.008185,0.604932649,0.817489
2021/9/27,0.000973679,0.001596,0.605906328,0.819085
2021/9/28,0.001136922,-0.00536,0.60704325,0.813725
2021/9/29,-0.001865379,-0.017038,0.605177871,0.796687
2021/9/30,0.00111564,0.006671,0.606293511,0.803358
2021/10/1,-0.003880021,-0.026139,0.60241349,0.777219
2021/10/4,-0.000549735,-0.01257,0.601863754,0.764649
2021/10/5,0.000275891,0.004557,0.602139645,0.769206
2021/10/6,0.000370569,-0.005174,0.602510214,0.764032
2021/10/7,0.002811944,0.021297,0.605322158,0.785329
2021/10/8,0.000618265,-0.002665,0.605940424,0.782664
2021/10/12,-0.000728779,-0.015097,0.605211645,0.767567
2021/10/13,0.000158921,-0.006966,0.605370566,0.760601
2021/10/14,0.000258426,0.002021,0.605628992,0.762622
2021/10/15,0.001056886,0.01431,0.606685879,0.776932
2021/10/18,0.001052654,0.00235,0.607738532,0.779282
2021/10/19,0.000860312,0.009407,0.608598844,0.788689
2021/10/20,0.000493476,0.000789,0.60909232,0.789478
2021/10/21,0.000526131,0.001576,0.609618451,0.791054
2021/10/22,0.000192653,-0.002975,0.609811104,0.788079
2021/10/25,0.00092016,0.00556,0.610731264,0.793639
2021/10/26,0.000679856,0.007494,0.61141112,0.801133
2021/10/27,0.000968642,0.003378,0.612379762,0.804511
2021/10/28,7.01271E-05,0.000085,0.612449889,0.804596
2021/10/29,0.00058088,-0.00091,0.613030769,0.803686
2021/11/1,0.002811362,0.006746,0.615842131,0.810432
2021/11/2,-0.001839016,-0.001532,0.614003115,0.8089
2021/11/3,-0.00048599,0.004757,0.613517125,0.813657
2021/11/4,0.001767383,-0.000063,0.615284508,0.813594
2021/11/5,-0.005873738,0.00889,0.60941077,0.822484
2021/11/8,-0.000976601,0.008841,0.608434169,0.831325
2021/11/9,0.000543554,0.004008,0.608977724,0.835333
2021/11/10,0.000737156,0.000765,0.60971488,0.836098
2021/11/11,0.00111193,-0.004652,0.61082681,0.831446
2021/11/12,0.000620079,0.006674,0.611446889,0.83812
2021/11/15,0.003045647,0.006612,0.614492536,0.844732
2021/11/16,0.001032429,0.003389,0.615524965,0.848121
2021/11/17,0.001661699,0.00563,0.617186665,0.853751
2021/11/18,0.000228167,0.004141,0.617414832,0.857892
2021/11/19,-0.000364128,-0.005163,0.617050704,0.852729
2021/11/22,0.002473797,0.001247,0.619524501,0.853976
2021/11/23,-0.00309613,-0.008865,0.61642837,0.845111
2021/11/24,0.002246783,0.00425,0.618675154,0.849361
2021/11/25,0.000694212,0.000994,0.619369366,0.850355
2021/11/26,-0.00442079,-0.01806,0.614948576,0.832295
2021/11/29,-0.00243766,-0.00112,0.612510916,0.831175
2021/11/30,0.002047938,0.006111,0.614558853,0.837286
2021/12/1,0.00121135,0.010035,0.615770203,0.847321
2021/12/2,-0.001260414,0.000994,0.614509789,0.848315
2021/12/3,0.002283695,0.002493,0.616793485,0.850808
2021/12/6,0.001282548,0.006044,0.618076033,0.856852
2021/12/7,0.001318167,0.00392,0.6193942,0.860772
2021/12/8,0.002239967,0.006149,0.621634168,0.866921
2021/12/9,0.000426732,0.002449,0.6220609,0.86937
2021/12/10,0.000448315,-0.004965,0.622509215,0.864405
2021/12/13,0.003185287,-0.001888,0.625694501,0.862517
2021/12/14,-0.004827079,-0.012015,0.620867422,0.850502
2021/12/15,0.001981685,0.004185,0.622849107,0.854687
2021/12/16,0.002323903,0.006602,0.625173009,0.861289
2021/12/17,-0.001321421,0.000752,0.623851589,0.862041
2021/12/20,3.60587E-05,-0.005064,0.623887648,0.856977
2021/12/21,0.001368928,0.010249,0.625256576,0.867226
2021/12/22,0.000759528,0.000934,0.626016104,0.86816
2021/12/23,0.001837837,0.005387,0.627853941,0.873547
2021/12/24,0.000391765,0.0025,0.628245706,0.876047
2021/12/27,0.003127805,0.005736,0.631373511,0.881783
2021/12/28,0.000541259,0.005569,0.63191477,0.887352
2021/12/29,0.003420319,0.003309,0.635335089,0.890661
2021/12/30,0.001996119,-0.001653,0.637331208,0.889008
2022/1/3,0.000153899,-0.006455,0.637485107,0.882553
2022/1/4,0.001451763,0.003368,0.63893687,0.885921
2022/1/5,-0.001600302,0.002523,0.637336568,0.888444
2022/1/6,-0.001124519,-0.006154,0.636212049,0.88229
2022/1/7,-0.003363864,-0.008819,0.632848186,0.873471
2022/1/10,0.001880153,-0.00049,0.634728339,0.872981
2022/1/11,-0.002662776,-0.001472,0.632065563,0.871509
2022/1/12,9.05633E-06,0.001081,0.632074619,0.87259
2022/1/13,0.000514278,0.004157,0.632588897,0.876747
2022/1/14,-0.002103387,-0.00989,0.63048551,0.866857
2022/1/17,0.0022251,0.002281,0.63271061,0.869138
2022/1/18,0.000502834,0.002481,0.633213444,0.871619
2022/1/19,-9.9276E-05,-0.006542,0.633114168,0.865077
2022/1/20,-0.002916641,0.001298,0.630197526,0.866375
2022/1/21,-0.00315084,-0.01843,0.627046687,0.847945
2022/1/24,0.0007212,-0.000974,0.627767886,0.846971
2022/1/25,-0.002054382,-0.014804,0.625713504,0.832167
2022/1/26,-0.020706775,0.001309,0.605006729,0.833476
2022/2/7,0.003312861,0.019014,0.60831959,0.85249
2022/2/8,0.001806718,0.009991,0.610126308,0.862481
2022/2/9,0.000925987,0.011321,0.611052295,0.873802
2022/2/10,-0.000213865,0.004038,0.610838431,0.87784
2022/2/11,0.00026642,-0.002673,0.61110485,0.875167
2022/2/14,-0.001854221,-0.01586,0.609250629,0.859307
2022/2/15,0.000326546,-0.000953,0.609577175,0.858354
2022/2/16,0.001951977,0.013606,0.611529152,0.87196
2022/2/17,1.05442E-05,0.003588,0.611539696,0.875548
2022/2/18,0.001056675,0.002439,0.612596371,0.877987
2022/2/21,0.000761091,0.002393,0.613357461,0.88038
2022/2/22,-0.003057722,-0.016271,0.61029974,0.864109
2022/2/23,0.001904483,0.008262,0.612204223,0.872371
2022/2/24,-0.004330924,-0.022174,0.607873299,0.850197
2022/2/25,0.00158631,0.004655,0.609459609,0.854852
2022/3/1,0.001927234,0.019366,0.611386843,0.874218
2022/3/2,0.000798178,-0.000587,0.612185021,0.873631
2022/3/3,0.000859422,0.004525,0.613044443,0.878156
2022/3/4,-0.000914894,-0.010689,0.612129549,0.867467
2022/3/7,-0.004513386,-0.031256,0.607616163,0.836211
2022/3/8,-0.002859002,-0.019802,0.604757161,0.816409
2022/3/9,0.001287016,0.012218,0.606044177,0.828627
2022/3/10,0.001251944,0.021064,0.607296121,0.849691
2022/3/11,0.000172277,-0.005409,0.607468398,0.844282
2022/3/14,0.000707192,0.002,0.608175589,0.846282
2022/3/15,-0.001723809,-0.017442,0.60645178,0.82884
2022/3/16,0.000305062,0.001299,0.606756842,0.830139
2022/3/17,0.0015214,0.02491,0.608278242,0.855049
2022/3/18,0.000530225,0.001558,0.608808467,0.856607
2022/3/21,0.000797706,0.004852,0.609606173,0.861459
2022/3/22,0.002095457,0.001938,0.61170163,0.863397
2022/3/23,0.001220059,0.008879,0.612921689,0.872276
2022/3/24,0.000260352,-0.003061,0.613182041,0.869215
2022/3/25,-0.000283468,-0.00615,0.612898573,0.863065
2022/3/28,-4.04218E-05,-0.003054,0.612858151,0.860011
2022/3/29,0.000576095,-0.001031,0.613434246,0.85898
2022/3/30,0.000783568,0.007894,0.614217814,0.866874
2022/3/31,-0.000484654,-0.001623,0.61373316,0.865251
2022/4/1,0.000352813,-0.000061,0.614085973,0.86519
2022/4/6,0.001290819,-0.000796,0.615376792,0.864394
2022/4/7,-0.003228223,-0.018904,0.612148569,0.84549
2022/4/8,0.001919213,0.007953,0.614067781,0.853443
2022/4/11,-0.000988063,-0.012889,0.613079718,0.840554
2022/4/12,-0.000728332,-0.003947,0.612351386,0.836607
2022/4/13,0.002336279,0.014314,0.614687665,0.850921
2022/4/14,0.00041553,-0.004262,0.615103194,0.846659
2022/4/15,-0.000544505,-0.011926,0.614558689,0.834733
2022/4/18,-0.000396632,-0.007899,0.614162057,0.826834
2022/4/19,0.001024511,0.005022,0.615186568,0.831856
2022/4/20,0.001259986,0.009306,0.616446555,0.841162
2022/4/21,0.00127524,0.001845,0.617721795,0.843007
2022/4/22,0.000172086,-0.002816,0.617893881,0.840191
2022/4/25,-0.006029474,-0.025276,0.611864407,0.814915
2022/4/26,4.19092E-05,0.002677,0.611906317,0.817592
2022/4/27,-0.001663505,-0.014291,0.610242812,0.803301
2022/4/28,0.000922353,0.006211,0.611165165,0.809512
2022/4/29,0.000248921,0.009514,0.611414086,0.819026
2022/5/3,-0.000188726,-0.002848,0.611225361,0.816178
2022/5/4,-2.82415E-05,0.003447,0.611197119,0.819625
2022/5/5,0.000566463,0.00522,0.611763582,0.824845
2022/5/6,-0.000294428,-0.014088,0.611469154,0.810757
2022/5/9,-0.001765485,-0.024201,0.609703669,0.786556
2022/5/10,0.000222886,0.002526,0.609926555,0.789082
2022/5/11,-0.000596595,-0.006896,0.60932996,0.782186
2022/5/12,-0.001296239,-0.021951,0.608033721,0.760235
2022/5/13,0.000815503,0.014504,0.608849224,0.774739
2022/5/16,6.57051E-05,-0.000588,0.608914929,0.774151
2022/5/17,0.00073929,0.006146,0.609654219,0.780297
2022/5/18,0.00053618,0.014956,0.610190399,0.795253
2022/5/19,-0.000318102,-0.012023,0.609872297,0.78323
2022/5/20,0.000232546,0.00493,0.610104842,0.78816
2022/5/23,0.000637364,0.002446,0.610742206,0.790606
2022/5/24,-0.000998264,-0.010655,0.609743943,0.779951
2022/5/25,0.000902759,0.009214,0.610646701,0.789165
2022/5/26,0.000234639,-0.004364,0.61088134,0.784801
2022/5/27,0.000405186,0.013969,0.611286527,0.79877
2022/5/30,0.000999577,0.017014,0.612286104,0.815784
2022/5/31,-6.03389E-05,0.007289,0.612225765,0.823073
2022/6/1,0.000552815,-0.003244,0.61277858,0.819829
2022/6/2,0.000229433,-0.003774,0.613008013,0.816055
2022/6/6,0.000729696,0.004589,0.613737709,0.820644
2022/6/7,0.000903645,-0.004228,0.614641354,0.816416
2022/6/8,0.001293846,0.006911,0.615935199,0.823327
2022/6/9,0.000858445,-0.00164,0.616793645,0.821687
2022/6/10,0.000557714,-0.005631,0.617351359,0.816056
2022/6/13,-0.001475072,-0.022586,0.615876287,0.79347
2022/6/14,-0.000661206,0.000202,0.615215081,0.793672
2022/6/15,0.000825086,-0.001038,0.616040167,0.792634
2022/6/16,-0.00140245,-0.012455,0.614637717,0.780179
2022/6/17,-0.000745837,-0.011738,0.61389188,0.768441
2022/6/20,-0.002225704,-0.021355,0.611666176,0.747086
2022/6/21,0.001152941,0.028586,0.612819117,0.775672
2022/6/22,-0.000718329,-0.023952,0.612100788,0.75172
2022/6/23,-6.24922E-05,-0.004742,0.612038296,0.746978
2022/6/24,0.00074461,0.010869,0.612782906,0.757847
2022/6/27,0.000782513,0.015079,0.613565419,0.772926
2022/6/28,-0.000268988,-0.006929,0.613296432,0.765997
2022/6/29,0.000169841,-0.008352,0.613466273,0.757645
2022/6/30,-0.001510273,-0.023472,0.611956,0.734173
2022/7/1,-0.00201222,-0.026888,0.60994378,0.707285
2022/7/4,0.000300705,0.003531,0.610244485,0.710816
2022/7/5,0.000441863,0.009889,0.610686348,0.720705
2022/7/6,-0.000851699,-0.022515,0.609834649,0.69819
2022/7/7,0.000208796,0.016851,0.610043445,0.715041
2022/7/8,0.000123023,0.005613,0.610166468,0.720654
2022/7/11,-0.000123583,-0.007169,0.610042885,0.713485
2022/7/12,-0.000696422,-0.025709,0.609346463,0.687776
2022/7/13,0.000824764,0.019707,0.610171227,0.707483
2022/7/14,0.000361155,0.009748,0.610532382,0.717231
2022/7/15,-5.58701E-05,-0.002881,0.610476511,0.71435
2022/7/18,0.000645629,0.013935,0.61112214,0.728285
2022/7/19,3.66247E-05,0.001646,0.611158765,0.729931
2022/7/20,1.68149E-05,0.001681,0.61117558,0.731612
2022/7/21,0.000292737,0.015251,0.611468316,0.746863
2022/7/22,0.000173791,-0.000413,0.611642108,0.74645
2022/7/25,0.001042965,0.001894,0.612685073,0.748344
2022/7/26,0.000427299,-0.006488,0.613112371,0.741856
2022/7/27,0.000233218,0.006674,0.613345589,0.74853
2022/7/28,-0.000198693,-0.000374,0.613146896,0.748156
2022/7/29,0.001694194,0.00502,0.61484109,0.753176
2022/8/1,0.001281097,0.003091,0.616122187,0.756267
2022/8/2,-0.000971749,-0.012292,0.615150439,0.743975
2022/8/3,-0.000510249,-0.003946,0.61464019,0.740029
2022/8/4,-0.000196705,-0.00478,0.614443485,0.735249
2022/8/5,0.001916767,0.019359,0.616360251,0.754608
2022/8/8,0.000361039,0.001704,0.61672129,0.756312
2022/8/9,0.001405897,0.004674,0.618127187,0.760986
2022/8/10,-0.001636939,-0.001799,0.616490248,0.759187
2022/8/11,0.003748322,0.014287,0.62023857,0.773474
2022/8/12,0.00092437,0.006099,0.62116294,0.779573
2022/8/15,0.001231552,0.007153,0.622394492,0.786726
2022/8/16,0.000723643,-0.001027,0.623118134,0.785699
2022/8/17,0.000625494,0.002782,0.623743629,0.788481
2022/8/18,0.00188788,-0.000641,0.625631509,0.78784
2022/8/19,0.001492919,0.002063,0.627124428,0.789903
2022/8/22,0.000285798,-0.007865,0.627410226,0.782038
2022/8/23,-0.000308811,-0.00884,0.627101415,0.773198
2022/8/24,0.001478839,-0.001187,0.628580254,0.772011
2022/8/25,0.002482734,0.008676,0.631062988,0.780687
2022/8/26,0.001632151,0.004381,0.632695138,0.785068
2022/8/29,-0.004323765,-0.021587,0.628371374,0.763481
2022/8/30,0.003299631,0.004647,0.631671004,0.768128
2022/8/31,0.001765216,0.00624,0.63343622,0.774368
2022/9/1,-0.002174473,-0.015765,0.631261747,0.758603
2022/9/2,-0.000215505,-0.007595,0.631046242,0.751008
2022/9/5,-0.00190034,-0.001481,0.629145902,0.749527
2022/9/6,-0.00312813,-0.000819,0.626017771,0.748708
2022/9/7,-0.00159776,-0.02013,0.624420012,0.728578
2022/9/8,0.003216375,0.015472,0.627636386,0.74405
2022/9/12,0.00173046,0.012784,0.629366846,0.756834
2022/9/13,0.00107584,0.003024,0.630442686,0.759858
2022/9/14,0.000106293,-0.011836,0.630548979,0.748022
2022/9/15,0.0010094,0.003759,0.631558379,0.751781
2022/9/16,-0.001540714,-0.006501,0.630017665,0.74528
2022/9/19,-0.003063949,-0.002104,0.626953716,0.743176
2022/9/20,0.001391647,0.004258,0.628345363,0.747434
2022/9/21,-0.00191289,-0.007403,0.626432473,0.740031
2022/9/22,0.00023279,-0.007913,0.626665263,0.732118
2022/9/23,-0.001986292,-0.008549,0.624678971,0.723569
2022/9/26,-0.005530576,-0.025935,0.619148395,0.697634
2022/9/27,0.000297917,0.003468,0.619446312,0.701102
2022/9/28,-0.00303622,-0.027557,0.616410093,0.673545
2022/9/29,0.000511834,0.00808,0.616921927,0.681625
2022/9/30,-3.97095E-05,-0.000159,0.616882217,0.681466
2022/10/3,-0.000330335,-0.007891,0.616551882,0.673575
2022/10/4,0.000426069,0.017963,0.616977951,0.691538
2022/10/5,-0.000161064,0.009002,0.616816887,0.70054
2022/10/6,0.000433188,0.004072,0.617250075,0.704612
2022/10/7,-0.000290144,-0.007987,0.616959932,0.696625
2022/10/11,-0.001973589,-0.028513,0.614986342,0.668112
2022/10/12,2.22832E-05,0.000818,0.615008626,0.66893
2022/10/13,-0.001592661,-0.025672,0.613415964,0.643258
2022/10/14,0.000636362,0.018552,0.614052326,0.66181
2022/10/17,-0.000254388,-0.003787,0.613797938,0.658023
2022/10/18,0.000314635,0.00788,0.614112573,0.665903
2022/10/19,3.46016E-05,-0.005376,0.614147175,0.660527
2022/10/20,-0.000446882,-0.004642,0.613700292,0.655885
2022/10/21,-0.000159746,-0.006345,0.613540546,0.64954
2022/10/24,-6.66575E-05,0.006029,0.613473889,0.655569
2022/10/25,-0.000323594,-0.005947,0.613150295,0.649622
2022/10/26,0.000103262,0.002217,0.613253557,0.651839
2022/10/27,0.000258471,0.012356,0.613512029,0.664195
2022/10/28,-0.000449979,-0.009104,0.613062049,0.655091
2022/10/31,0.000106809,0.00813,0.613168859,0.663221
2022/11/1,0.000243389,0.007849,0.613412248,0.67107
2022/11/2,9.83529E-05,0.003543,0.6135106,0.674613
2022/11/3,0.000173902,-0.002219,0.613684502,0.672394
2022/11/4,0.000624766,0.005821,0.614309268,0.678215
2022/11/7,0.000426068,0.01331,0.614735336,0.691525
2022/11/8,1.4608E-05,0.004862,0.614749944,0.696387
2022/11/9,0.000424746,0.01399,0.61517469,0.710377
2022/11/10,-0.000331948,-0.005387,0.614842742,0.70499
2022/11/11,-7.65935E-05,0.021678,0.614766149,0.726668
2022/11/14,0.000567352,0.013332,0.615333501,0.74
2022/11/15,-1.88865E-06,0.007486,0.615331612,0.747486
2022/11/16,-0.000501168,-0.006405,0.614830444,0.741081
2022/11/17,0.000453473,0.00146,0.615283917,0.742541
2022/11/18,-5.60003E-05,-0.004439,0.615227917,0.738102
2022/11/21,0.000520765,-0.00121,0.615748682,0.736892
2022/11/22,-8.76709E-05,0.00162,0.615661011,0.738512
2022/11/23,0.000175371,0.005574,0.615836382,0.744086
2022/11/24,0.000335454,0.013499,0.616171836,0.757585
2022/11/25,-0.000354884,-0.002128,0.615816952,0.755457
2022/11/28,0.000243231,-0.007091,0.616060183,0.748366
2022/11/29,0.000736798,0.009316,0.616796981,0.757682
2022/11/30,0.001232763,0.01367,0.618029744,0.771352
2022/12/1,0.001565049,0.005705,0.619594793,0.777057
2022/12/2,0.001081927,0.000768,0.62067672,0.777825
2022/12/5,0.001600382,0.005237,0.622277102,0.783062
2022/12/6,-0.003721462,-0.014716,0.61855564,0.768346
2022/12/7,-0.003154376,-0.006865,0.615401263,0.761481
2022/12/8,0.000475736,-0.004443,0.615876999,0.757038
2022/12/9,0.00102191,0.006422,0.61689891,0.76346
2022/12/12,0.000208293,-0.003561,0.617107203,0.759899
2022/12/13,0.000668074,-0.005654,0.617775276,0.754245
2022/12/14,0.001688949,0.013343,0.619464225,0.767588
2022/12/15,0.000541845,-0.000471,0.620006071,0.767117
2022/12/16,-0.003167653,-0.011723,0.616838418,0.755394
2022/12/19,-0.000383225,-0.005466,0.616455194,0.749928
2022/12/20,-0.005700056,-0.017866,0.610755138,0.732062
2022/12/21,0.00126635,0.005025,0.612021488,0.737087
2022/12/22,0.001396403,0.0128,0.613417891,0.749887
2022/12/23,-0.000306576,-0.005963,0.613111316,0.743924
2022/12/26,-1.5941E-05,0.000122,0.613095375,0.744046
2022/12/27,-4.6076E-05,0.003808,0.613049299,0.747854
2022/12/28,-0.001470009,-0.009982,0.61157929,0.737872
2022/12/29,-0.000580118,-0.004452,0.610999172,0.73342
2022/12/30,0.000737251,0.003076,0.611736423,0.736496
2023/1/3,-0.002746289,0.004682,0.608990134,0.741178
2023/1/4,0.009891439,0.000457,0.618881572,0.741635
2023/1/5,0.000291201,0.002598,0.619172773,0.744233
2023/1/6,0.000382482,0.007078,0.619555255,0.751311
2023/1/9,-0.000975685,0.018075,0.618579571,0.769386
2023/1/10,0.00117158,0.00083,0.619751151,0.770216
2023/1/11,0.000670871,-0.003653,0.620422022,0.766563
2023/1/12,0.021030309,-0.003423,0.641452331,0.76314
2023/1/13,-0.001598214,-0.001877,0.639854117,0.761263
2023/1/16,0.001179349,0.005755,0.641033466,0.767018
2023/1/17,0.001856375,0.002115,0.642889841,0.769133
2023/1/30,0.004974532,0.021133,0.647864374,0.790266
2023/1/31,0.00301638,-0.004741,0.650880753,0.785525
2023/2/1,0.004308074,0.008045,0.655188827,0.79357
2023/2/2,0.003856679,0.008309,0.659045507,0.801879
2023/2/3,-0.000172463,-0.000809,0.658873044,0.80107
2023/2/6,-0.000298365,-0.006847,0.658574679,0.794223
2023/2/7,0.003171992,0.003345,0.661746671,0.797568
2023/2/8,0.002489231,0.006794,0.664235902,0.804362
2023/2/9,0.022569052,-0.001755,0.686804953,0.802607
2023/2/10,-0.004382468,-0.004864,0.682422485,0.797743
2023/2/13,0.000398053,-0.000793,0.682820538,0.79695
2023/2/14,0.002692704,0.006917,0.685513241,0.803867
2023/2/15,0.000303141,-0.004833,0.685816382,0.799034
2023/2/16,0.003969215,0.00843,0.689785597,0.807464
2023/2/17,0.003499265,0.001233,0.693284862,0.808697
2023/2/20,0.005019571,0.007143,0.698304434,0.81584
2023/2/21,0.001633672,0.00177,0.699938106,0.81761
2023/2/22,-0.000105571,-0.006132,0.699832535,0.811478
2023/2/23,0.006745202,0.009358,0.706577737,0.820836
2023/2/24,-0.000676958,-0.00466,0.705900779,0.816176
2023/3/1,0.000942823,0.000317,0.706843602,0.816493
2023/3/2,0.002997447,0.002266,0.709841049,0.818759
2023/3/3,0.003209888,0.003074,0.713050937,0.821833
2023/3/6,0.005914232,0.01006,0.718965169,0.831893
2023/3/7,0.003612612,0.006074,0.722577781,0.837967
2023/3/8,0.003774868,-0.001244,0.72635265,0.836723
2023/3/9,-0.002076173,-0.004861,0.724276477,0.831862
2023/3/10,-0.010906452,-0.014765,0.713370024,0.817097
2023/3/13,-0.002382464,0.000846,0.710987561,0.817943
2023/3/14,-0.002800471,-0.013311,0.708187089,0.804632
2023/3/15,0.001131029,0.001682,0.709318118,0.806314
2023/3/16,-0.005107731,-0.010047,0.704210386,0.796267
2023/3/17,0.003456137,0.011352,0.707666524,0.807619
2023/3/20,0.001354802,0.00155,0.709021326,0.809169
2023/3/21,0.002070959,0.004633,0.711092284,0.813802
2023/3/22,0.002247832,0.010098,0.713340116,0.8239
2023/3/23,0.001733368,0.005483,0.715073484,0.829383
2023/3/24,0.001584674,0.003864,0.716658158,0.833247
2023/3/27,0.000978371,-0.001505,0.71763653,0.831742
2023/3/28,-0.004925105,-0.006876,0.712711425,0.824866
2023/3/29,0.000728549,0.00259,0.713439973,0.827456
2023/3/30,0.002099145,0.003698,0.715539118,0.831154
2023/3/31,0.002141243,0.003111,0.717680361,0.834265
2023/4/6,0.001965395,-0.002753,0.719645756,0.831512
2023/4/7,-0.000361698,0.002021,0.719284058,0.833533
2023/4/10,0.001816416,0.004947,0.721100473,0.83848
2023/4/11,0.0012411,0.006964,0.722341573,0.845444
2023/4/12,0.002757755,0.004581,0.725099329,0.850025
2023/4/13,-0.001596283,-0.00361,0.723503045,0.846415
2023/4/14,0.003895983,0.007095,0.727399028,0.85351
2023/4/17,0.006335465,0.000122,0.733734494,0.853632
2023/4/18,-0.000456019,-0.004473,0.733278475,0.849159
2023/4/19,6.40797E-05,-0.004852,0.733342555,0.844307
2023/4/20,-0.008553114,-0.007458,0.724789441,0.836849
2023/4/21,-0.007102551,-0.007704,0.71768689,0.829145
2023/4/24,0.002429285,0.004853,0.720116175,0.833998
2023/4/25,-0.003213208,-0.015868,0.716902967,0.81813
2023/4/26,0.00140341,0.005172,0.718306377,0.823302
2023/4/27,0.000821991,0.001852,0.719128368,0.825154
2023/4/28,0.001858797,0.008621,0.720987165,0.833775
2023/5/2,0.00216487,0.005782,0.723152035,0.839557
2023/5/3,0.0005363,-0.00362,0.723688336,0.835937
2023/5/4,0.00233783,0.003432,0.726026166,0.839369
2023/5/5,0.025009582,0.000028,0.751035748,0.839397
2023/5/8,0.001670233,0.003517,0.752705981,0.842914
2023/5/9,-0.002772272,-0.001926,0.749933709,0.840988
2023/5/10,0.000482088,-0.00243,0.750415797,0.838558
2023/5/11,-0.004118291,-0.008234,0.746297506,0.830324
2023/5/12,0.001562384,0.00117,0.74785989,0.831494
2023/5/15,7.86185E-05,-0.001978,0.747938509,0.829516
2023/5/16,0.002319935,0.010559,0.750258444,0.840075
2023/5/17,0.002880001,0.011814,0.753138445,0.851889
2023/5/18,0.001733628,0.007253,0.754872073,0.859142
2023/5/19,0.000373263,0.004778,0.755245336,0.86392
2023/5/22,0.002716106,0.001277,0.757961442,0.865197
2023/5/23,0.001136552,0.001359,0.759097994,0.866556
2023/5/24,0.001031592,0.001065,0.760129585,0.867621
2023/5/25,-0.000473178,-0.001389,0.759656408,0.866232
2023/5/26,-0.001440658,0.001815,0.75821575,0.868047
2023/5/29,0.002572471,0.009667,0.760788221,0.877714
2023/5/30,-0.000467397,0.000437,0.760320824,0.878151
2023/5/31,0.002145618,0.001965,0.762466442,0.880116
2023/6/1,0.001501757,-0.000475,0.763968199,0.879641
2023/6/2,0.00187338,0.008652,0.765841579,0.888293
2023/6/5,0.002453889,0.005681,0.768295468,0.893974
2023/6/6,-0.000808738,0.000799,0.76748673,0.894773
2023/6/7,0.003716782,0.007963,0.771203512,0.902736
2023/6/8,-0.001510648,-0.009225,0.769692864,0.893511
2023/6/9,0.002498969,0.008498,0.772191833,0.902009
2023/6/12,-0.002230254,-0.000486,0.769961579,0.901523
2023/6/13,0.002293317,0.00872,0.772254896,0.910243
2023/6/14,0.001128245,0.004209,0.773383141,0.914452
2023/6/15,0.001940402,0.007888,0.775323543,0.92234
2023/6/16,-0.000184625,-0.00214,0.775138918,0.9202
2023/6/19,0.000265807,0.002895,0.775404724,0.923095
2023/6/20,8.65477E-05,-0.003585,0.775491272,0.91951
2023/6/21,0.002375075,0.002971,0.777866347,0.922481
2023/6/26,-0.000877509,-0.006526,0.776988838,0.915955
2023/6/27,-0.002850342,-0.010312,0.774138496,0.905643
2023/6/28,0.001435692,0.003141,0.775574189,0.908784
2023/6/29,0.00376008,0.003697,0.779334269,0.912481
2023/6/30,0.00065546,0.002164,0.779989729,0.914645
2023/7/3,0.002830234,0.012271,0.782819963,0.926916
2023/7/4,0.003884982,0.005389,0.786704945,0.932305
2023/7/5,-0.002081587,-0.004221,0.784623357,0.928084
2023/7/6,-0.001380917,-0.011655,0.783242441,0.916429
2023/7/7,-0.002031409,-0.007938,0.781211032,0.908491
2023/7/10,0.000370841,-0.000542,0.781581873,0.907949
2023/7/11,0.001224955,0.013273,0.782806829,0.921222
2023/7/12,0.001866632,0.004988,0.78467346,0.92621
2023/7/13,0.00024648,0.00462,0.78491994,0.93083
2023/7/14,0.006221849,0.014425,0.79114179,0.945255
2023/7/17,0.002924544,0.004546,0.794066334,0.949801
2023/7/18,-0.001923203,-0.001473,0.792143131,0.948328
2023/7/19,-0.00163562,-0.008654,0.790507511,0.939674
2023/7/20,0.000771689,0.00631,0.7912792,0.945984
2023/7/21,0.0007642,0.002037,0.7920434,0.948021
2023/7/24,-0.000472288,0.001566,0.791571113,0.949587
2023/7/25,-0.001089089,0.006375,0.790482024,0.955962
2023/7/26,-0.000809759,-0.000181,0.789672266,0.955781
2023/7/27,0.002211964,0.004869,0.79188423,0.96065
2023/7/28,0.001090936,0.00559,0.792975166,0.96624
2023/7/31,-0.000614598,-0.010244,0.792360568,0.955996
2023/8/1,-0.000380269,0.004533,0.791980299,0.960529
2023/8/2,-0.003283445,-0.021309,0.788696854,0.93922
2023/8/4,0.001224769,0.002451,0.789921623,0.941671
2023/8/7,0.000543819,0.009729,0.790465442,0.9514
2023/8/8,-0.000669323,-0.005593,0.789796118,0.945807
2023/8/9,-0.000427553,-0.001466,0.789368565,0.944341
2023/8/10,-0.002148663,-0.016288,0.787219902,0.928053
2023/8/11,0.000222358,0.00096,0.78744226,0.929013
2023/8/14,-0.002132392,-0.013753,0.785309868,0.91526
2023/8/15,0.000664793,0.004568,0.785974661,0.919828
2023/8/16,-0.00025513,-0.00051,0.785719531,0.919318
2023/8/17,0.000954425,0.004804,0.786673957,0.924122
2023/8/18,-0.000825007,-0.007405,0.785848949,0.916717
2023/8/21,0.00027803,0.001435,0.78612698,0.918152
2023/8/22,-0.00019381,0.001935,0.78593317,0.920087
2023/8/23,0.000400587,0.004058,0.786333757,0.924145
2023/8/24,0.000204865,0.00805,0.786538622,0.932195
2023/8/25,0.000161315,-0.011221,0.786699937,0.920974
2023/8/28,-0.000424198,0.000268,0.78627574,0.921242
2023/8/29,0.000690538,0.007828,0.786966278,0.92907
2023/8/30,0.000764003,0.005942,0.78773028,0.935012
2023/8/31,0.000564939,-0.002755,0.78829522,0.932257
2023/9/1,0.000475457,0.001576,0.788770677,0.933833
2023/9/4,0.001214744,0.005781,0.789985421,0.939614
2023/9/5,0.000913356,0.003572,0.790898777,0.943186
2023/9/6,1.52805E-05,-0.002986,0.790914058,0.9402
2023/9/7,-0.000492469,-0.004246,0.790421589,0.935954
2023/9/8,-9.07307E-05,-0.001504,0.790330858,0.93445
2023/9/11,-0.001208839,-0.00935,0.789122019,0.9251
2023/9/12,0.000852277,0.006189,0.789974296,0.931289
2023/9/13,0.001016254,0.002842,0.79099055,0.934131
2023/9/14,0.00151983,0.012576,0.792510381,0.946707
2023/9/15,0.000215081,0.003849,0.792725461,0.950556
2023/9/18,0.000274204,-0.00598,0.792999665,0.944576
2023/9/19,-0.000300613,-0.003743,0.792699053,0.940833
2023/9/20,-0.000759941,-0.006178,0.791939111,0.934655
2023/9/21,-0.001677379,-0.012538,0.790261733,0.922117
2023/9/22,-2.01465E-05,0.006042,0.790241586,0.928159
2023/9/25,0.000908079,0.006792,0.791149665,0.934951
2023/9/26,-0.001120722,-0.010312,0.790028943,0.924639
2023/9/27,0.000105804,0.000796,0.790134747,0.925435
2023/9/28,0.000525819,0.002933,0.790660566,0.928368
2023/10/2,0.000942684,0.010045,0.79160325,0.938413
2023/10/3,-0.000611762,-0.005761,0.790991489,0.932652
2023/10/4,-0.000725166,-0.008782,0.790266323,0.92387
2023/10/5,0.001045987,0.009575,0.79131231,0.933445
2023/10/6,0.000332029,0.002825,0.791644339,0.93627
2023/10/11,-0.001376778,0.004203,0.790267562,0.940473
2023/10/12,0.00177116,0.008566,0.792038722,0.949039
2023/10/13,-0.00038047,-0.005531,0.791658252,0.943508
2023/10/16,-0.000235951,-0.005149,0.791422302,0.938359
2023/10/17,-0.000143984,-0.00489,0.791278317,0.933469
2023/10/18,-0.001761942,-0.009161,0.789516375,0.924308
2023/10/19,0.000619782,-0.003155,0.790136157,0.921153
2023/10/20,-0.000579765,-0.007665,0.789556393,0.913488
2023/10/23,-0.000455534,-0.00756,0.789100858,0.905928
2023/10/24,0.000591814,0.005012,0.789692672,0.91094
2023/10/25,0.001010562,0.004244,0.790703234,0.915184
2023/10/26,-0.001894562,-0.014984,0.788808672,0.9002
2023/10/27,0.000297448,0.003825,0.78910612,0.904025
2023/10/30,0.000522279,0.002008,0.7896284,0.906033
2023/10/31,-0.0019247,-0.010542,0.787703699,0.895491
2023/11/1,0.000929804,0.003941,0.788633503,0.899432
2023/11/2,0.000926196,0.017189,0.789559699,0.916621
2023/11/3,0.000724108,0.007922,0.790283807,0.924543
2023/11/6,0.001723072,0.011167,0.792006879,0.93571
2023/11/7,0.000657765,-0.000469,0.792664644,0.935241
2023/11/8,-2.39809E-05,0.004033,0.792640663,0.939274
2023/11/9,0.000311227,-0.000324,0.79295189,0.93895
2023/11/10,-0.001167076,-0.005128,0.791784814,0.933822
2023/11/13,0.00066886,0.003331,0.792453675,0.937153
2023/11/14,0.000929349,0.005618,0.793383023,0.942771
2023/11/15,0.001555905,0.011343,0.794938929,0.954114
2023/11/16,0.001031275,0.002123,0.795970204,0.956237
2023/11/17,0.002227598,0.005069,0.798197802,0.961306
2023/11/20,0.001722006,0.002152,0.799919808,0.963458
2023/11/21,0.001308778,0.011534,0.801228586,0.974992
2023/11/22,0.002713818,-0.003159,0.803942404,0.971833
2023/11/23,0.000272619,-0.001877,0.804215023,0.969956
2023/11/24,0.000202629,0.001378,0.804417652,0.971334
2023/11/27,-0.000840496,-0.007325,0.803577156,0.964009
2023/11/28,0.003938736,0.011838,0.807515892,0.975847
2023/11/29,0.00125052,0.002993,0.808766412,0.97884
2023/11/30,0.001460257,0.003097,0.81022667,0.981937
2023/12/1,0.002107805,-0.000461,0.812334475,0.981476
2023/12/4,0.001859525,0.001946,0.814194,0.983422
2023/12/5,-0.000669121,-0.004722,0.813524878,0.9787
2023/12/6,0.001084282,0.002615,0.81460916,0.981315
2023/12/7,-0.001672841,-0.003763,0.812936319,0.977552
2023/12/8,0.001681674,0.006012,0.814617993,0.983564
2023/12/11,0.0007937,0.000116,0.815411693,0.98368
2023/12/12,0.000216431,-0.000071,0.815628124,0.983609
2023/12/13,0.000755045,0.002087,0.816383168,0.985696
2023/12/14,0.001689962,0.011202,0.81807313,0.996898
2023/12/15,0.000388946,0.000458,0.818462077,0.997356
2023/12/18,-0.001219963,-0.001715,0.817242113,0.995641
2023/12/19,-0.002633417,-0.005843,0.814608696,0.989798
2023/12/20,0.001919552,0.0046,0.816528248,0.994398
2023/12/21,-0.000924161,-0.001947,0.815604087,0.992451
2023/12/22,-0.000533826,0.001013,0.815070261,0.993464
2023/12/25,-0.000827005,0.001317,0.814243256,0.994781
2023/12/26,0.002629255,0.00834,0.816872511,1.003121
2023/12/27,0.000910658,0.006954,0.817783169,1.010075
2023/12/28,0.000168542,0.000794,0.817951711,1.010869
2023/12/29,0.000565915,0.001556,0.818517626,1.012425
2024/1/2,0.000480227,-0.005864,0.818997853,1.006561
2024/1/3,-0.002764186,-0.013173,0.816233667,0.993388
2024/1/4,-0.000939148,-0.001069,0.815294519,0.992319
2024/1/5,0.001119188,0.000271,0.816413707,0.99259
2024/1/8,-0.000235247,-0.000335,0.81617846,0.992255
2024/1/9,-0.003428442,-0.004828,0.812750018,0.987427
2024/1/10,-0.001646024,-0.004152,0.811103994,0.983275
2024/1/11,0.001681769,0.005001,0.812785763,0.988276
2024/1/12,-0.00129024,-0.001209,0.811495523,0.987067
2024/1/15,0.001600942,0.001406,0.813096466,0.988473
2024/1/16,-0.002222708,-0.011815,0.810873758,0.976658
2024/1/17,-0.003378816,-0.015369,0.807494941,0.961289
2024/1/18,-0.000112127,0.000689,0.807382814,0.961978
2024/1/19,0.001149547,0.011747,0.808532362,0.973725
2024/1/22,0.001581758,0.010635,0.81011412,0.98436
2024/1/23,0.000821195,0.003399,0.810935316,0.987759
2024/1/24,0.00085251,0.000752,0.811787826,0.988511
2024/1/25,-0.000368806,0.000251,0.811419019,0.988762
2024/1/26,-0.000234306,-0.001862,0.811184713,0.9869
2024/1/29,0.001828607,0.007217,0.81301332,0.994117
2024/1/30,-4.27882E-05,-0.002611,0.812970531,0.991506
2024/1/31,0.000398588,-0.002343,0.813369119,0.989163
2024/2/1,0.001359721,0.006161,0.81472884,0.995324
2024/2/2,0.000459424,0.002699,0.815188264,0.998023
2024/2/5,-0.000450915,-0.004126,0.814737349,0.993897
2024/2/15,0.003019855,0.010145,0.817757204,1.004042
2024/2/16,0.003784152,0.006024,0.821541356,1.010066
2024/2/19,0.003431022,0.005361,0.824972378,1.015427
2024/2/20,0.00072449,0.003337,0.825696868,1.018764
2024/2/21,0.001872811,-0.002076,0.827569679,1.016688
2024/2/22,0.001821179,0.006515,0.829390857,1.023203
2024/2/23,-0.00019601,-0.00033,0.829194847,1.022873
2024/2/26,0.002329538,0.003881,0.831524385,1.026754
2024/2/27,-0.001279627,-0.00698,0.830244758,1.019774
2024/2/29,0.003061536,0.013581,0.833306293,1.033355
2024/3/1,0.001712324,-0.001653,0.835018617,1.031702
2024/3/4,0.001974368,0.005526,0.836992986,1.037228
2024/3/5,0.001231829,0.003029,0.838224815,1.040257
2024/3/6,0.002025838,0.005304,0.840250654,1.045561
2024/3/7,-0.001586413,-0.00085,0.838664241,1.044711
2024/3/8,-0.00385931,-0.007864,0.834804931,1.036847
2024/3/11,0.004731937,0.006652,0.839536868,1.043499
2024/3/12,0.0025453,0.01182,0.842082168,1.055319
2024/3/13,1.59277E-05,-0.004416,0.842098095,1.050903
2024/3/14,0.000540927,-0.002311,0.842639022,1.048592
2024/3/15,-0.000947474,-0.000094,0.841691548,1.048498
2024/3/18,0.002050469,0.007903,0.843742017,1.056401
2024/3/19,-0.002047181,-0.000461,0.841694836,1.05594
2024/3/20,0.000594817,-0.002913,0.842289653,1.053027
2024/3/21,0.002269592,0.014984,0.844559245,1.068011
2024/3/22,-0.00028224,0.001714,0.844277005,1.069725
2024/3/25,0.001785262,0.000399,0.846062267,1.070124
2024/3/26,-0.001825584,-0.005948,0.844236683,1.064176
2024/3/27,0.002283527,0.007313,0.84652021,1.071489
2024/3/28,0.00035436,0.002389,0.84687457,1.073878
2024/3/29,-0.000370496,0.004891,0.846504074,1.078769
2024/4/1,0.002291884,0.000178,0.848795959,1.078947
2024/4/2,0.001224387,0.005727,0.850020346,1.084674
2024/4/3,0.000198534,-0.00331,0.85021888,1.081364
2024/4/8,0.002814723,0.00402,0.853033603,1.085384
2024/4/9,0.001070694,0.005963,0.854104297,1.091347
2024/4/10,0.000876579,0.000106,0.854980876,1.091453
2024/4/11,-0.001104385,-0.003463,0.853876491,1.08799
2024/4/12,0.002492839,0.00126,0.856369329,1.08925
2024/4/15,-0.002028339,-0.013402,0.85434099,1.075848
2024/4/16,-0.006981189,-0.028883,0.8473598,1.046965
2024/4/17,0.004463424,0.013421,0.851823224,1.060386
2024/4/18,0.002108028,0.006482,0.853931251,1.066868
2024/4/19,-0.002894538,-0.024119,0.851036714,1.042749
2024/4/22,0.000162355,-0.003748,0.851199069,1.039001
2024/4/23,0.001179948,0.006708,0.852379016,1.045709
2024/4/24,0.001082518,0.021895,0.853461534,1.067604
2024/4/25,0.000799102,-0.009751,0.854260636,1.057853
2024/4/26,0.001243384,0.009688,0.85550402,1.067541
2024/4/29,0.00333623,0.019564,0.85884025,1.087105
2024/4/30,-0.000274341,-0.004134,0.858565908,1.082971
2024/5/2,0.002210347,-0.001847,0.860776256,1.081124
2024/5/3,0.000403199,0.003021,0.861179455,1.084145
2024/5/6,0.002009427,0.010288,0.863188882,1.094433
2024/5/7,-0.001001553,0.001041,0.862187329,1.095474
2024/5/8,-0.000737731,0.002147,0.861449597,1.097621
2024/5/9,-0.000925605,-0.006433,0.860523993,1.091188
2024/5/10,0.001523229,0.007041,0.862047222,1.098229
2024/5/13,0.000743913,0.000675,0.862791134,1.098904
2024/5/14,-0.000135092,0.005575,0.862656043,1.104479
2024/5/15,0.000753629,0.003255,0.863409672,1.107734
2024/5/16,0.001922736,0.009872,0.865332408,1.117606
2024/5/17,0.000133342,0.000273,0.86546575,1.117879
2024/5/20,0.000829482,0.001005,0.866295231,1.118884
2024/5/21,-0.000311572,-0.005811,0.86598366,1.113073
2024/5/22,0.000629861,0.00878,0.86661352,1.121853
2024/5/23,-0.002930046,-0.002437,0.863683475,1.119416
2024/5/24,0.000964755,0.001659,0.86464823,1.121075
2024/5/27,0.002078709,0.015298,0.866726939,1.136373
2024/5/28,0.001957211,0.006007,0.868684149,1.14238
2024/5/29,0.00019592,-0.008625,0.86888007,1.133755
2024/5/30,-0.001788694,-0.00962,0.867091376,1.124135
2024/5/31,0.001589431,-0.003097,0.868680807,1.121038
2024/6/3,0.002246573,0.010969,0.87092738,1.132007
2024/6/4,-0.000583241,-0.008349,0.870344139,1.123658
2024/6/5,-0.00014434,0.000535,0.870199799,1.124193
2024/6/6,-0.000856507,0.006249,0.869343293,1.130442
2024/6/7,0.002433011,0.005476,0.871776304,1.135918
2024/6/11,-0.00193868,-0.006599,0.869837624,1.129319
2024/6/12,-0.000353265,0.003112,0.869484359,1.132431
2024/6/13,0.000707317,0.012552,0.870191676,1.144983
2024/6/14,0.001231945,0.011432,0.87142362,1.156415
2024/6/17,0.001755401,0.000036,0.873179022,1.156451
2024/6/18,0.000523819,0.006088,0.873702841,1.162539
2024/6/19,-0.000622739,0.009347,0.873080102,1.171886
2024/6/20,0.00275939,0.013674,0.875839492,1.18556
2024/6/21,0.000906878,-0.003951,0.87674637,1.181609
2024/6/24,-0.0015689,-0.012136,0.875177471,1.169473
2024/6/25,0.000530797,0.001691,0.875708267,1.171164
2024/6/26,0.001543921,-0.000552,0.877252188,1.170612
2024/6/27,-0.000691914,-0.003864,0.876560274,1.166748
2024/6/28,0.002232649,0.005316,0.878792923,1.172064
2024/7/1,0.002146372,0.002303,0.880939295,1.174367
2024/7/2,0.000827975,-0.004697,0.88176727,1.16967
2024/7/3,0.003297143,0.009453,0.885064414,1.179123
2024/7/4,0.002259877,0.011238,0.887324291,1.190361
2024/7/5,0.005269267,0.002348,0.892593558,1.192709
2024/7/8,-0.000845691,0.00556,0.891747867,1.198269
2024/7/9,-0.00384056,-0.000476,0.887907307,1.197793
2024/7/10,0.002619538,0.005519,0.890526845,1.203312
2024/7/11,0.001503985,0.006952,0.89203083,1.210264
2024/7/12,9.89482E-05,-0.009014,0.892129778,1.20125
2024/7/15,-0.000106294,-0.000996,0.892023485,1.200254
2024/7/16,0.002269143,0.000338,0.894292627,1.200592
2024/7/17,0.001436693,-0.001033,0.89572932,1.199559
2024/7/18,-0.002076459,-0.009798,0.893652861,1.189761
2024/7/19,-0.00647447,-0.015071,0.887178391,1.17469
2024/7/22,-0.003939889,-0.023816,0.883238502,1.150874
2024/7/23,0.001441726,0.02005,0.884680228,1.170924
2024/7/26,-0.000622103,-0.019057,0.884058125,1.151867
2024/7/29,-0.000429147,-0.008029,0.883628978,1.143838
2024/7/30,0.000561218,0.006575,0.884190196,1.150413
2024/7/31,0.000297747,0.001869,0.884487943,1.152282
2024/8/1,0.001909105,0.016657,0.886397048,1.168939
2024/8/2,-0.003293482,-0.036146,0.883103566,1.132793
2024/8/5,-0.00814483,-0.075881,0.874958736,1.056912
2024/8/6,-3.86708E-05,0.010677,0.874920066,1.067589
2024/8/7,0.000412354,0.03516,0.87533242,1.102749
2024/8/8,-0.00013728,-0.0157,0.87519514,1.087049
2024/8/9,0.000429961,0.02126,0.875625101,1.108309
2024/8/12,0.000246315,0.018453,0.875871416,1.126762
2024/8/13,0.000378685,0.001522,0.876250101,1.128284
2024/8/14,5.08911E-05,0.012453,0.876300992,1.140737
2024/8/15,0.000160895,-0.005952,0.876461886,1.134785
2024/8/16,0.000581106,0.017074,0.877042992,1.151859
2024/8/19,0.000210592,0.002029,0.877253585,1.153888
2024/8/20,0.000202022,0.001377,0.877455606,1.155265
2024/8/21,0.00036742,-0.004725,0.877823026,1.15054
2024/8/22,0.000236178,-0.001879,0.878059204,1.148661
2024/8/23,0.000337389,0.001823,0.878396593,1.150484
2024/8/26,-6.11608E-05,0.004994,0.878335432,1.155478
2024/8/27,0.000448524,0.000948,0.878783957,1.156426
2024/8/28,0.000313225,0.000466,0.879097182,1.156892
2024/8/29,0.00018859,0.000294,0.879285772,1.157186
2024/8/30,7.28799E-05,0.00414,0.879358651,1.161326
2024/9/2,-0.000145139,-0.004525,0.879213512,1.156801
2024/9/3,-0.000166058,-0.005328,0.879047455,1.151473
2024/9/4,-0.002215431,-0.040087,0.876832023,1.111386
2024/9/5,0.000372955,-0.000056,0.877204978,1.11133
2024/9/6,0.000394196,0.008486,0.877599175,1.119816
2024/9/9,-0.000356238,-0.009676,0.877242936,1.11014
2024/9/10,-0.000498982,-0.008739,0.876743954,1.101401
2024/9/11,0.000289553,-0.000639,0.877033507,1.100762
2024/9/12,0.000573575,0.022293,0.877607082,1.123055
2024/9/13,0.0004316,0.003507,0.878038683,1.126562
2024/9/16,0.00062881,0.006463,0.878667492,1.133025
2024/9/18,-0.000297891,-0.008631,0.878369601,1.124394
2024/9/19,0.001042195,0.014903,0.879411796,1.139297
2024/9/20,5.58435E-05,0.000749,0.879467639,1.140046
2024/9/23,0.000309557,0.0065,0.879777197,1.146546
2024/9/24,2.62315E-05,0.004445,0.879803428,1.150991
2024/9/25,0.000687311,0.012726,0.880490739,1.163717
2024/9/26,-0.000389388,0.001306,0.880101351,1.165023
2024/9/27,0.000168032,0.005907,0.880269383,1.17093
2024/9/30,-0.000429395,-0.016819,0.879839989,1.154111
2024/10/1,0.000240924,0.002878,0.880080912,1.156989
2024/10/4,-0.000673023,-0.008878,0.87940789,1.148111
2024/10/7,0.001045299,0.012157,0.880453189,1.160268
2024/10/8,-0.001027437,-0.009172,0.879425752,1.151096
2024/10/9,-0.001148373,-0.00239,0.878277379,1.148706
2024/10/11,-0.000349083,0.002705,0.877928295,1.151411
2024/10/14,0.00071647,0.005144,0.878644765,1.156555
2024/10/15,8.34549E-05,0.007787,0.87872822,1.164342
2024/10/16,0.000851282,-0.005281,0.879579502,1.159061
2024/10/17,0.000480332,0.008623,0.880059834,1.167684
2024/10/18,-0.000359496,0.001765,0.879700338,1.169449
2024/10/21,0.002286649,0.003786,0.881986986,1.173235
2024/10/22,0.00042733,0.005048,0.882414316,1.178283
2024/10/23,0.000392162,-0.005261,0.882806478,1.173022
2024/10/24,-0.001343991,-0.009637,0.881462487,1.163385
2024/10/25,0.001114098,0.007894,0.882576584,1.171279
2024/10/28,-0.000836132,-0.001912,0.881740452,1.169367
2024/10/29,-0.001552028,-0.012953,0.880188424,1.156414
2024/10/30,-0.000185811,-0.001686,0.880002613,1.154728
2024/11/1,0.000700081,0.000074,0.880702694,1.154802
2024/11/4,-0.0006989,0.004674,0.880003794,1.159476
2024/11/5,3.31435E-05,0.004286,0.880036937,1.163762
2024/11/6,0.000341099,0.001947,0.880378036,1.165709
2024/11/7,0.001631445,0.010295,0.882009481,1.176004
2024/11/8,0.00388118,-0.004015,0.885890661,1.171989
2024/11/11,-0.001173283,0.001152,0.884717378,1.173141
2024/11/12,-0.002015425,-0.017842,0.882701954,1.155299
2024/11/13,-4.86981E-05,0.000054,0.882653256,1.155353
2024/11/14,-0.001240084,-0.010025,0.881413171,1.145328
2024/11/15,0.000205153,0.001907,0.881618325,1.147235
2024/11/18,-0.000930254,-0.008009,0.880688071,1.139226
2024/11/19,0.000694459,0.012654,0.881382531,1.15188
2024/11/20,-0.000217095,-0.002618,0.881165436,1.149262
2024/11/21,0.000387525,-0.000741,0.881552962,1.148521
2024/11/22,0.000501098,0.007245,0.88205406,1.155766
2024/11/25,0.000838751,0.008741,0.882892811,1.164507
2024/11/26,-0.000185582,-0.007329,0.882707229,1.157178
2024/11/27,-0.001476297,-0.018138,0.881230931,1.13904
2024/11/28,-0.000636369,-0.005367,0.880594563,1.133673
2024/11/29,0.000447325,0.002664,0.881041888,1.136337
2024/12/2,0.00048485,0.011038,0.881526738,1.147375
2024/12/3,0.000517218,0.008918,0.882043956,1.156293
2024/12/4,0.000546208,0.007568,0.882590164,1.163861
2024/12/5,0.000162181,-0.001901,0.882752345,1.16196
2024/12/6,0.000169149,0.000502,0.882921493,1.162462
2024/12/9,0.000381045,-0.00013,0.883302539,1.162332
2024/12/10,-0.001296115,-0.004473,0.882006424,1.157859
2024/12/11,-1.75683E-05,-0.004072,0.881988855,1.153787
2024/12/12,-4.97814E-05,0.001494,0.881939074,1.155281
2024/12/13,-0.000762349,-0.004664,0.881176724,1.150617
2024/12/16,-0.001151604,-0.009987,0.88002512,1.14063
2024/12/17,0.000658063,0.004199,0.880683183,1.144829
2024/12/18,4.18442E-05,0.004878,0.880725027,1.149707
2024/12/19,-8.03632E-05,-0.007963,0.880644664,1.141744
2024/12/20,-0.000606615,-0.009643,0.880038049,1.132101
2024/12/23,0.001029757,0.016202,0.881067806,1.148303
2024/12/24,-1.74083E-05,0.001109,0.881050398,1.149412
2024/12/25,0.000922845,0.004136,0.881973243,1.153548
2024/12/26,2.32588E-05,0.001873,0.881996502,1.155421
2024/12/27,-0.000439544,-0.000831,0.881556957,1.15459
2024/12/30,-0.000319735,-0.005892,0.881237223,1.148698
2024/12/31,6.74246E-05,-0.002289,0.881304647,1.146409
2025/1/2,-0.000505632,-0.007469,0.880799016,1.13894
2025/1/3,-0.000285849,-0.000368,0.880513166,1.138572
2025/1/6,0.000736312,0.016681,0.881249478,1.155253
2025/1/7,-0.000367921,0.004395,0.880881557,1.159648
2025/1/8,0.000253311,-0.002834,0.881134868,1.156814
2025/1/9,-0.002099161,-0.019741,0.879035707,1.137073
2025/1/10,-0.000499843,-0.004905,0.878535864,1.132168
2025/1/13,-0.001077733,-0.02275,0.87745813,1.109418
2025/1/14,0.000242784,0.013664,0.877700914,1.123082
2025/1/15,-0.000214276,-0.005722,0.877486638,1.11736
2025/1/16,0.000312742,0.013378,0.87779938,1.130738
2025/1/17,0.000128635,0.000066,0.877928015,1.130804
2025/1/20,0.000219292,0.008538,0.878147306,1.139342
2025/1/21,-2.67254E-05,0.002348,0.878120581,1.14169
2025/1/22,0.00026451,0.007286,0.878385091,1.148976
2025/2/3,-0.000262402,-0.021127,0.878122689,1.127849
2025/2/4,0.000445654,-0.007379,0.878568344,1.12047
2025/2/5,0.001088979,0.017919,0.879657322,1.138389
2025/2/6,0.000561563,0.008151,0.880218885,1.14654
2025/2/7,0.000922602,0.00564,0.881141486,1.15218
2025/2/10,0.000155188,-0.004452,0.881296675,1.147728
2025/2/11,-2.54506E-05,0.006393,0.881271224,1.154121
2025/2/12,0.000231852,-0.000746,0.881503076,1.153375
2025/2/13,0.000547406,0.013379,0.882050482,1.166754
2025/2/14,-0.000120511,-0.000216,0.881929971,1.166538
2025/2/17,0.001028466,0.010287,0.882958438,1.176825
2025/2/18,0.000277473,0.002597,0.88323591,1.179422
2025/2/19,0.000646497,0.001313,0.883882408,1.180735
2025/2/20,0.000438512,-0.00245,0.88432092,1.178285
2025/2/21,0.001040522,0.008226,0.885361442,1.186511
2025/2/24,0.00027479,-0.000147,0.885636232,1.186364
2025/2/25,-0.000853848,-0.007887,0.884782385,1.178477
2025/2/26,0.000231102,0.005168,0.885013487,1.183645
2025/2/27,-0.000740149,-0.012665,0.884273338,1.17098
2025/3/3,-0.00075943,-0.00914,0.883513908,1.16184
2025/3/4,0.000498565,0.000203,0.884012473,1.162043
2025/3/5,0.000798108,0.007805,0.884810581,1.169848
2025/3/6,0.005464259,-0.002419,0.89027484,1.167429
2025/3/7,-0.000747009,-0.009564,0.889527831,1.157865
2025/3/10,-0.000939383,-0.004179,0.888588449,1.153686
2025/3/11,0.012123268,-0.011756,0.900711716,1.14193
2025/3/12,0.000485835,0.004894,0.901197552,1.146824
2025/3/13,-0.001752139,-0.009076,0.899445413,1.137748
2025/3/14,-0.000389047,0.003901,0.899056365,1.141649
2025/3/17,0.001073948,0.004292,0.900130313,1.145941
2025/3/18,-0.000346419,0.010184,0.899783894,1.156125
2025/3/19,0.003012914,-0.010847,0.902796808,1.145278
2025/3/20,0.001837049,0.010867,0.904633857,1.156145
2025/3/21,-0.00075029,-0.004337,0.903883567,1.151808
2025/3/24,-0.000175742,-0.007142,0.903707825,1.144666
2025/3/25,-0.000380305,0.001456,0.903327521,1.146122
2025/3/26,0.000462931,0.0048,0.903790451,1.150922
2025/3/27,-0.00133117,-0.008686,0.902459281,1.142236
2025/3/28,-0.003659448,-0.021128,0.898799833,1.121108
2025/3/31,-0.005364733,-0.04079,0.8934351,1.080318
2025/4/1,0.001379086,0.02328,0.894814186,1.103598
2025/4/2,6.4938E-05,0.002541,0.894879124,1.106139
2025/4/7,-0.010440131,-0.095291,0.884438993,1.010848
2025/4/8,-9.09922E-05,-0.041443,0.884348001,0.969405
2025/4/9,-6.59286E-05,-0.068888,0.884282072,0.900517
2025/4/10,0.000149035,0.088453,0.884431107,0.98897
2025/4/11,7.38823E-05,0.026377,0.884504989,1.015347
2025/4/14,8.31092E-05,0.014518,0.884588098,1.029865
2025/4/15,0.000165155,0.019775,0.884753253,1.04964
2025/4/16,7.98698E-05,-0.016595,0.884833123,1.033045
2025/4/17,-0.000193432,-0.00496,0.884639691,1.028085
2025/4/18,8.29322E-05,0.002549,0.884722623,1.030634
2025/4/21,-4.91464E-05,-0.013379,0.884673477,1.017255
2025/4/22,-4.59172E-05,-0.012798,0.88462756,1.004457
2025/4/23,0.000101691,0.0314,0.88472925,1.035857
2025/4/24,-2.60425E-05,-0.00681,0.884703208,1.029047
2025/4/25,2.74581E-05,0.01594,0.884730666,1.044987
2025/4/28,0.000144667,0.007021,0.884875334,1.052008
2025/4/29,0.000109225,0.012354,0.884984559,1.064362
2025/4/30,-2.10414E-05,-0.003568,0.884963518,1.060794
2025/5/2,0.000130417,0.016466,0.885093935,1.07726
2025/5/5,-0.000157,-0.011989,0.884936935,1.065271
2025/5/6,0.000130033,0.010656,0.885066968,1.075927
2025/5/7,2.4682E-05,-0.003189,0.88509165,1.072738
2025/5/8,5.0926E-05,0.006013,0.885142576,1.078751
2025/5/9,0.000144033,0.009154,0.885286609,1.087905
2025/5/12,4.09296E-05,0.011314,0.885327538,1.099219
2025/5/13,-2.85592E-05,0.007726,0.885298979,1.106945
2025/5/14,8.51674E-05,0.015514,0.885384147,1.122459
2025/5/15,-2.28572E-05,-0.000291,0.885361289,1.122168
2025/5/16,-2.55025E-05,0.005336,0.885335787,1.127504
2025/5/19,-0.000146873,-0.014971,0.885188914,1.112533
2025/5/20,-2.03924E-05,0.003747,0.885168522,1.11628
2025/5/21,0.000225607,0.013258,0.885394128,1.129538
2025/5/22,-0.000215573,-0.0048,0.885178556,1.124738
2025/5/23,-9.06902E-06,-0.00253,0.885169487,1.122208
2025/5/26,0.000118495,-0.003699,0.885287982,1.118509
2025/5/27,-0.000496865,-0.008105,0.884791117,1.110404
2025/5/28,-0.000316401,0.000431,0.884474716,1.110835
2025/5/29,4.23771E-05,-0.000776,0.884517093,1.110059
2025/6/2,-0.000916343,-0.012868,0.883600751,1.097191
2025/6/3,1.6618E-05,0.007255,0.883617369,1.104446
2025/6/4,0.000427643,0.012536,0.884045012,1.116982
2025/6/5,1.21829E-05,-0.000627,0.884057195,1.116355
2025/6/6,-0.000274911,0.000792,0.883782284,1.117147
2025/6/9,-6.05653E-05,0.00357,0.883721718,1.120717
2025/6/10,0.000582346,0.009489,0.884304065,1.130206
2025/6/11,0.00047481,0.004936,0.884778875,1.135142
2025/6/12,2.798E-05,-0.001032,0.884806855,1.13411
2025/6/13,-0.002017016,-0.006299,0.882789839,1.127811
2025/6/16,0.000596178,0.002224,0.883386017,1.130035
2025/6/17,0.000388261,0.001108,0.883774278,1.131143
2025/6/18,0.000375735,0.004788,0.884150012,1.135931
2025/6/19,-0.002002557,-0.011769,0.882147455,1.124162
2025/6/20,-0.000966819,-0.008412,0.881180636,1.11575
2025/6/23,-0.000212592,-0.002038,0.880968044,1.113712
2025/6/24,0.001645086,0.017618,0.88261313,1.13133
2025/6/25,0.00026764,0.006085,0.88288077,1.137415
2025/6/26,0.000214991,0.002465,0.883095761,1.13988
2025/6/27,0.00013913,0.003633,0.88323489,1.143513
2025/6/30,-0.00092716,-0.008828,0.88230773,1.134685
2025/7/1,0.000914112,0.009217,0.883221842,1.143902
2025/7/2,0.000606728,0.004676,0.88382857,1.148578
2025/7/3,0.001176261,0.009201,0.885004832,1.157779
2025/7/4,-0.002389618,-0.00895,0.882615213,1.148829
2025/7/7,-0.001548713,-0.00558,0.8810665,1.143249
2025/7/8,-0.000552053,-0.004413,0.880514447,1.138836
2025/7/9,0.000966413,0.008357,0.88148086,1.147193
2025/7/10,0.000602658,0.007124,0.882083518,1.154317
2025/7/11,0.000967746,0.004452,0.883051263,1.158769
2025/7/14,-0.000953943,-0.005838,0.882097321,1.152931
2025/7/15,0.001169658,0.007791,0.883266979,1.160722
2025/7/16,0.000589611,0.003561,0.88385659,1.164283
2025/7/17,0.001578557,0.006022,0.885435146,1.170305
2025/7/18,0.000261032,0.00504,0.885696178,1.175345
2025/7/21,0.000170944,-0.000077,0.885867122,1.175268
2025/7/22,-0.003808465,-0.012978,0.882058657,1.16229
2025/7/23,0.002495049,0.015377,0.884553705,1.177667
2025/7/24,0.000460391,0.004407,0.885014096,1.182074
2025/7/25,-0.000450036,-0.000496,0.88456406,1.181578
2025/7/28,0.000843792,0.003478,0.885407852,1.185056
2025/7/29,-0.001051416,-0.009166,0.884356436,1.17589
2025/7/30,0.000978003,0.007584,0.885334439,1.183474
2025/7/31,-0.000215548,0.003908,0.885118891,1.187382
2025/8/1,0.001480196,0.003804,0.886599088,1.191186
2025/8/4,0.001053413,-0.000996,0.8876525,1.19019
2025/8/5,0.001794521,0.011445,0.889447022,1.201635
2025/8/6,0.000220148,-0.000717,0.88966717,1.200918
2025/8/7,0.000538148,0.008683,0.890205317,1.209601
2025/8/8,0.000553521,0.003979,0.890758838,1.21358
2025/8/11,0.000379178,0.005021,0.891138016,1.218601
2025/8/12,0.001352887,0.002003,0.892490903,1.220604
2025/8/13,0.00110939,0.003998,0.893600294,1.224602
2025/8/14,0.001595193,0.004789,0.895195487,1.229391
2025/8/15,0.001774974,0.003826,0.896970461,1.233217
2025/8/18,0.002538409,0.010011,0.89950887,1.243228
2025/8/19,-0.000996271,-0.011123,0.898512599,1.232105
2025/8/20,-0.004721949,-0.021894,0.89379065,1.210211
2025/8/21,0.002524444,0.01532,0.896315094,1.225531
2025/8/22,-0.000535832,-0.005194,0.895779262,1.220337
2025/8/25,0.001381841,0.015874,0.897161103,1.236211
2025/8/26,0.000327081,-0.000735,0.897488184,1.235476
2025/8/27,0.001481185,0.006354,0.898969369,1.24183
2025/8/28,0.001190766,-0.002312,0.900160135,1.239518
2025/8/29,0.000371071,-0.000194,0.900531206,1.239324
2025/9/1,-0.002567042,-0.013565,0.897964164,1.225759
2025/9/2,-0.000375713,-0.000622,0.897588451,1.225137
2025/9/3,0.001758265,0.00587,0.899346716,1.231007
2025/9/4,0.000421707,0.004818,0.899768422,1.235825
2025/9/5,0.000711671,0.009636,0.900480093,1.245461
2025/9/8,0.000735266,0.002915,0.901215359,1.248376
2025/9/9,-0.000361253,0.009014,0.900854106,1.25739
2025/9/10,0.000126735,0.008503,0.900980841,1.265893
2025/9/11,-0.002670877,-0.007125,0.898309964,1.258768
2025/9/12,0.000808004,0.005712,0.899117969,1.26448
2025/9/15,-0.000673998,-0.005055,0.898443971,1.259425
2025/9/16,0.00076089,0.004623,0.899204861,1.264048
2025/9/17,-3.95143E-05,-0.004572,0.899165347,1.259476
2025/9/18,0.001893879,0.009734,0.901059225,1.26921
2025/9/19,-2.58736E-05,-0.002052,0.901033352,1.267158
2025/9/22,0.000870477,0.003743,0.901903828,1.270901
2025/9/23,-0.000824915,0.000101,0.901078913,1.271002
2025/9/24,0.000481172,-0.003406,0.901560086,1.267596
2025/9/25,-0.000408472,-0.003023,0.901151613,1.264573
2025/9/26,-0.002863509,-0.020777,0.898288104,1.243796
2025/9/30,0.001605831,0.010992,0.899893936,1.254788
2025/10/1,-0.000304726,-0.000548,0.899589209,1.25424
2025/10/2,-5.56603E-05,0.004696,0.899533549,1.258936
2025/10/3,-0.000171705,0.006737,0.899361845,1.265673
2025/10/7,0.000456029,0.010683,0.899817874,1.276356
2025/10/8,0.000371549,0.00084,0.900189423,1.277196
2025/10/9,0.000407649,0.002298,0.900597073,1.279494
2025/10/13,-0.001313734,-0.011269,0.899283339,1.268225
2025/10/14,-0.001952776,-0.01363,0.897330562,1.254595
2025/10/15,0.00115171,0.010403,0.898482272,1.264998
2025/10/16,0.000781862,0.013645,0.899264134,1.278643
2025/10/17,-0.000490924,-0.003964,0.89877321,1.274679
2025/10/20,0.001135619,0.009214,0.899908829,1.283893
2025/10/21,0.001317844,0.004075,0.901226673,1.287968
2025/10/22,0.004904134,0.003705,0.906130808,1.291673
2025/10/23,-0.000557365,-0.002247,0.905573443,1.289426
2025/10/27,0.000734064,0.013822,0.906307507,1.303248
2025/10/28,-0.001253558,0.000287,0.905053948,1.303535
2025/10/29,-3.52033E-05,0.006418,0.905018745,1.309953
2025/10/30,-0.000637658,-0.000429,0.904381086,1.309524
2025/10/31,-0.000160131,-0.000846,0.904220956,1.308678
2025/11/3,0.000487891,0.00123,0.904708847,1.309908
2025/11/4,-0.001344084,-0.010988,0.903364762,1.29892
2025/11/5,0.000100208,-0.001599,0.90346497,1.297321
2025/11/6,0.000434899,0.00896,0.903899869,1.306281
2025/11/7,-0.000673428,-0.012618,0.903226441,1.293663
2025/11/10,-0.000394566,0.006138,0.902831875,1.299801
2025/11/11,0.000289115,-0.000256,0.903120991,1.299545
2025/11/12,0.000889107,0.005074,0.904010097,1.304619
2025/11/13,0.000301368,0.004802,0.904311465,1.309421
2025/11/14,-0.000762212,-0.016236,0.903549253,1.293185
2025/11/17,-0.000847077,-0.004461,0.902702176,1.288724
2025/11/18,-0.001379754,-0.023346,0.901322423,1.265378
2025/11/19,-0.000358581,-0.006182,0.900963841,1.259196
2025/11/20,0.000598084,0.023601,0.901561925,1.282797
2025/11/21,-0.000616941,-0.027212,0.900944984,1.255585
2025/11/24,0.000707497,0.009787,0.901652481,1.265372
2025/11/25,1.55149E-07,0.00556,0.901652636,1.270932
2025/11/26,0.000441716,0.019305,0.902094352,1.290237
2025/11/27,0.000194532,0.011682,0.902288884,1.301919
2025/11/28,0.000353396,0.00199,0.90264228,1.303909
2025/12/1,-0.000190234,-0.002655,0.902452045,1.301254
2025/12/2,0.000528454,0.003785,0.902980499,1.305039
2025/12/3,0.000380645,0.00429,0.903361143,1.309329
2025/12/4,0.000413769,0.002667,0.903774913,1.311996
2025/12/5,-0.000595133,0.003959,0.90317978,1.315955
2025/12/8,0.000103496,0.002548,0.903283276,1.318503
2025/12/9,9.24623E-05,0.000008,0.903375738,1.318511
2025/12/10,-0.00016481,0.001078,0.903210928,1.319589
2025/12/11,7.91086E-05,-0.005746,0.903290037,1.313843
2025/12/12,0.000429067,0.005704,0.903719104,1.319547
2025/12/15,0.000297126,-0.005496,0.90401623,1.314051
2025/12/16,-0.000829079,-0.012936,0.903187152,1.301115
2025/12/17,0.000193007,0.001817,0.903380158,1.302932
2025/12/18,-0.000160423,-0.003518,0.903219736,1.299414
2025/12/19,0.000502157,0.014289,0.903721893,1.313703
2025/12/22,0.000525092,0.010583,0.904246985,1.324286
2025/12/23,7.9567E-05,-0.002427,0.904326552,1.321859
2025/12/24,-6.73911E-05,0.001445,0.904259161,1.323304
2025/12/26,0.000559129,0.003862,0.90481829,1.327166
